ISO-10303-21;
HEADER;
FILE_DESCRIPTION((''),'1');
FILE_NAME('outfile.stp','2026-02-05T19:29:50',(''),(''),'','','');
FILE_SCHEMA(('CONFIG_CONTROL_DESIGN'));
ENDSEC;
DATA;
#1=CALENDAR_DATE(2000,1,1);
#2=COORDINATED_UNIVERSAL_TIME_OFFSET(0,0,.BEHIND.);
#3=LOCAL_TIME(12,0,0.,#2);
#4=DATE_AND_TIME(#1,#3);
#5=DIMENSIONAL_EXPONENTS(0.,0.,0.,0.,0.,0.,0.);
#6=(
LENGTH_UNIT()
NAMED_UNIT(*)
SI_UNIT(.MILLI.,.METRE.)
);
#7=LENGTH_MEASURE_WITH_UNIT(LENGTH_MEASURE(304.8),#6);
#8=DIMENSIONAL_EXPONENTS(1.,0.,0.,0.,0.,0.,0.);
#9=(
CONVERSION_BASED_UNIT('FOOT',#7)
LENGTH_UNIT()
NAMED_UNIT(#8)
);
#10=UNCERTAINTY_MEASURE_WITH_UNIT(LENGTH_MEASURE(0.),#9,'closure','Threshold below which geometry imperfections (such as overlaps) are not considered errors.');
#11=(
NAMED_UNIT(*)
PLANE_ANGLE_UNIT()
SI_UNIT($,.RADIAN.)
);
#12=PLANE_ANGLE_MEASURE_WITH_UNIT(PLANE_ANGLE_MEASURE(0.0174532925199433),#11);
#13=(
CONVERSION_BASED_UNIT('DEGREES',#12)
NAMED_UNIT(#5)
PLANE_ANGLE_UNIT()
);
#14=(
NAMED_UNIT(*)
SI_UNIT($,.STERADIAN.)
SOLID_ANGLE_UNIT()
);
#15=(
GEOMETRIC_REPRESENTATION_CONTEXT(3)
GLOBAL_UNCERTAINTY_ASSIGNED_CONTEXT((#10))
GLOBAL_UNIT_ASSIGNED_CONTEXT((#9,#13,#14))
REPRESENTATION_CONTEXT('STANDARD','3D')
);
#16=CARTESIAN_POINT('',(0.,0.,0.));
#17=DIRECTION('',(0.,0.,1.));
#18=DIRECTION('',(1.,0.,0.));
#19=AXIS2_PLACEMENT_3D('',#16,#17,#18);
#20=APPLICATION_CONTEXT('configuration controlled 3d designs of mechanical parts and assemblies');
#21=MECHANICAL_CONTEXT('',#20,'mechanical');
#22=APPLICATION_PROTOCOL_DEFINITION('international standard','config_control_design',1994,#20);
#23=DESIGN_CONTEXT('',#20,'design');
#24=PRODUCT('','prodname','',(#21));
#25=PRODUCT_RELATED_PRODUCT_CATEGORY('assembly','',(#24));
#26=PRODUCT_DEFINITION_FORMATION_WITH_SPECIFIED_SOURCE('','',#24,.MADE.);
#27=PRODUCT_DEFINITION('','',#26,#23);
#28=PRODUCT_DEFINITION_SHAPE('','ProductShapeDescription',#27);
#29=SHAPE_REPRESENTATION('',(#19),#15);
#30=SHAPE_DEFINITION_REPRESENTATION(#28,#29);
#31=PERSON('','Doe','John',$,$,$);
#32=ORGANIZATION('','','');
#33=PERSON_AND_ORGANIZATION(#31,#32);
#34=PERSON_AND_ORGANIZATION_ROLE('creator');
#35=PERSON_AND_ORGANIZATION_ROLE('design_owner');
#36=PERSON_AND_ORGANIZATION_ROLE('design_supplier');
#37=APPROVAL_STATUS('approved');
#38=APPROVAL(#37,'');
#39=APPROVAL_DATE_TIME(#4,#38);
#40=APPROVAL_ROLE('approver');
#41=APPROVAL_PERSON_ORGANIZATION(#33,#38,#40);
#42=SECURITY_CLASSIFICATION_LEVEL('unclassified');
#43=SECURITY_CLASSIFICATION('','',#42);
#44=CC_DESIGN_SECURITY_CLASSIFICATION(#43,(#26));
#45=PERSON_AND_ORGANIZATION_ROLE('classification_officer');
#46=CC_DESIGN_PERSON_AND_ORGANIZATION_ASSIGNMENT(#33,#45,(#43));
#47=DATE_TIME_ROLE('classification_date');
#48=CC_DESIGN_DATE_AND_TIME_ASSIGNMENT(#4,#47,(#43));
#49=CC_DESIGN_APPROVAL(#38,(#27,#26,#43));
#50=CC_DESIGN_PERSON_AND_ORGANIZATION_ASSIGNMENT(#33,#34,(#27,#26));
#51=CC_DESIGN_PERSON_AND_ORGANIZATION_ASSIGNMENT(#33,#36,(#26));
#52=DATE_TIME_ROLE('creation_date');
#53=CC_DESIGN_DATE_AND_TIME_ASSIGNMENT(#4,#52,(#27));
#54=CC_DESIGN_PERSON_AND_ORGANIZATION_ASSIGNMENT(#33,#35,(#24));
#55=B_SPLINE_SURFACE_WITH_KNOTS('Surf_MDSCNVZAYE, WingGeom, 0, 1, lower',1,3,((#56, #57, #58, #62, #63, #64, #68, #69, #70, #74, #75, #76, #80, #81, #82, #86, #87, #88, #92, #93, #94, #98, #99, #100, #104, #105, #106, #110, #111, #112, #116, #117, #118, #122, #123, #124, #128, #129, #130, #134, #135, #136, #140, #141, #142, #146, #147, #148, #152, #153, #154, #158, #159, #160, #164, #165, #166, #170, #171, #172, #176, #177, #178, #182, #183, #184, #188, #189, #190, #194, #195, #196, #200, #201, #202, #206, #207, #208, #212, #213, #214, #218, #219, #220, #224, #225, #226, #230, #231, #232, #236, #237, #238, #242, #243, #244, #245),(#59, #60, #61, #65, #66, #67, #71, #72, #73, #77, #78, #79, #83, #84, #85, #89, #90, #91, #95, #96, #97, #101, #102, #103, #107, #108, #109, #113, #114, #115, #119, #120, #121, #125, #126, #127, #131, #132, #133, #137, #138, #139, #143, #144, #145, #149, #150, #151, #155, #156, #157, #161, #162, #163, #167, #168, #169, #173, #174, #175, #179, #180, #181, #185, #186, #187, #191, #192, #193, #197, #198, #199, #203, #204, #205, #209, #210, #211, #215, #216, #217, #221, #222, #223, #227, #228, #229, #233, #234, #235, #239, #240, #241, #246, #247, #248, #249)),.UNSPECIFIED.,.F.,.F.,.F.,(2,2),(4,3,3,3,3,3,3,3,3,3,3,3,3,3,3,3,3,3,3,3,3,3,3,3,3,3,3,3,3,3,3,3,4),(0.,1.),(0.,1.,2.,3.,4.,5.,6.,7.,8.,9.,10.,11.,12.,13.,14.,15.,16.,17.,18.,19.,20.,21.,22.,23.,24.,25.,26.,27.,28.,29.,30.,31.,32.),.PIECEWISE_BEZIER_KNOTS.);
#56=CARTESIAN_POINT('',(4.,0.,0.));
#57=CARTESIAN_POINT('',(3.83203918665794,0.,-0.0196388058366939));
#58=CARTESIAN_POINT('',(3.66393152652863,0.,-0.0380170219201844));
#59=CARTESIAN_POINT('',(6.19615242270663,9.,0.));
#60=CARTESIAN_POINT('',(6.15416221937112,9.,-0.00490970145917348));
#61=CARTESIAN_POINT('',(6.11213530433879,9.,-0.0095042554800461));
#62=CARTESIAN_POINT('',(3.49571012352424,0.,-0.0552823559817236));
#63=CARTESIAN_POINT('',(3.32748872051985,0.,-0.0725476900432628));
#64=CARTESIAN_POINT('',(3.1591531599038,0.,-0.0887013914546319));
#65=CARTESIAN_POINT('',(6.07007995358769,9.,-0.0138205889954309));
#66=CARTESIAN_POINT('',(6.02802460283659,9.,-0.0181369225108157));
#67=CARTESIAN_POINT('',(5.98594071268258,9.,-0.022175347863658));
#68=CARTESIAN_POINT('',(2.99071388869967,0.,-0.103693614141915));
#69=CARTESIAN_POINT('',(2.82227461749555,0.,-0.118685836829199));
#70=CARTESIAN_POINT('',(2.65373096944138,0.,-0.132515609974634));
#71=CARTESIAN_POINT('',(5.94383089488155,9.,-0.0259234035354789));
#72=CARTESIAN_POINT('',(5.90172107708052,9.,-0.0296714592072998));
#73=CARTESIAN_POINT('',(5.85958516506698,9.,-0.0331289024936585));
#74=CARTESIAN_POINT('',(2.4850800387444,0.,-0.144902453750987));
#75=CARTESIAN_POINT('',(2.31642910804741,0.,-0.15728929752734));
#76=CARTESIAN_POINT('',(2.14766955087559,0.,-0.168229524211453));
#77=CARTESIAN_POINT('',(5.81742243239273,9.,-0.0362256134377468));
#78=CARTESIAN_POINT('',(5.77525969971848,9.,-0.039322324381835));
#79=CARTESIAN_POINT('',(5.73306981042553,9.,-0.0420573810528632));
#80=CARTESIAN_POINT('',(1.97879963667972,0.,-0.177157098685132));
#81=CARTESIAN_POINT('',(1.89436467958179,0.,-0.181620885921972));
#82=CARTESIAN_POINT('',(1.80990239459599,0.,-0.18556354156379));
#83=CARTESIAN_POINT('',(5.69085233187656,9.,-0.0442892746712831));
#84=CARTESIAN_POINT('',(5.66974359260208,9.,-0.045405221480493));
#85=CARTESIAN_POINT('',(5.64862802135563,9.,-0.0463908853909476));
#86=CARTESIAN_POINT('',(1.7254149444284,0.,-0.188889082405917));
#87=CARTESIAN_POINT('',(1.68317121934461,0.,-0.190551852826981));
#88=CARTESIAN_POINT('',(1.64092132188872,0.,-0.192054787846991));
#89=CARTESIAN_POINT('',(5.62750615881373,9.,-0.0472222706014794));
#90=CARTESIAN_POINT('',(5.61694522754278,9.,-0.0476379632067453));
#91=CARTESIAN_POINT('',(5.60638275317881,9.,-0.0480136969617477));
#92=CARTESIAN_POINT('',(1.598665881705,0.,-0.193384860642775));
#93=CARTESIAN_POINT('',(1.55641044152127,0.,-0.19471493343856));
#94=CARTESIAN_POINT('',(1.51414929477627,0.,-0.195871752403748));
#95=CARTESIAN_POINT('',(5.59581889313288,9.,-0.0483462151606938));
#96=CARTESIAN_POINT('',(5.58525503308695,9.,-0.0486787333596399));
#97=CARTESIAN_POINT('',(5.5746897464007,9.,-0.0489679381009371));
#98=CARTESIAN_POINT('',(1.47188396186723,0.,-0.196829146779086));
#99=CARTESIAN_POINT('',(1.38735329604916,0.,-0.198743935529762));
#100=CARTESIAN_POINT('',(1.30280374682018,0.,-0.19988575266131));
#101=CARTESIAN_POINT('',(5.56412341317344,9.,-0.0492072866947716));
#102=CARTESIAN_POINT('',(5.54299074671892,9.,-0.0496859838824406));
#103=CARTESIAN_POINT('',(5.52185335941168,9.,-0.0499714381653274));
#104=CARTESIAN_POINT('',(1.21825072098505,0.,-0.200039310046605));
#105=CARTESIAN_POINT('',(1.17597420806748,0.,-0.200116088739253));
#106=CARTESIAN_POINT('',(1.13369759555034,0.,-0.19993942818511));
#107=CARTESIAN_POINT('',(5.50071510295289,9.,-0.0500098275116514));
#108=CARTESIAN_POINT('',(5.4901459747235,9.,-0.0500290221848133));
#109=CARTESIAN_POINT('',(5.47957682159421,9.,-0.0499848570462775));
#110=CARTESIAN_POINT('',(1.0914232910664,0.,-0.199483740289347));
#111=CARTESIAN_POINT('',(1.07028613882443,0.,-0.199255896341465));
#112=CARTESIAN_POINT('',(1.04915045782132,0.,-0.198950369082759));
#113=CARTESIAN_POINT('',(5.46900824547323,9.,-0.0498709350723367));
#114=CARTESIAN_POINT('',(5.46372395741274,9.,-0.0498139740853663));
#115=CARTESIAN_POINT('',(5.45844003716196,9.,-0.0497375922706898));
#116=CARTESIAN_POINT('',(1.02801551623768,0.,-0.198573216034621));
#117=CARTESIAN_POINT('',(1.00688057465403,0.,-0.198196062986483));
#118=CARTESIAN_POINT('',(0.985746537683887,0.,-0.197746123606011));
#119=CARTESIAN_POINT('',(5.45315630176605,9.,-0.0496433040086552));
#120=CARTESIAN_POINT('',(5.44787256637014,9.,-0.0495490157466206));
#121=CARTESIAN_POINT('',(5.4425890571276,9.,-0.0494365309015028));
#122=CARTESIAN_POINT('',(0.964615541458837,0.,-0.197205613838636));
#123=CARTESIAN_POINT('',(0.880091556558636,0.,-0.195043574769135));
#124=CARTESIAN_POINT('',(0.795592424081973,0.,-0.191606292765166));
#125=CARTESIAN_POINT('',(5.43730630807134,9.,-0.049301403459659));
#126=CARTESIAN_POINT('',(5.41617531184629,9.,-0.0487608936922839));
#127=CARTESIAN_POINT('',(5.39505052872712,9.,-0.0479015731912915));
#128=CARTESIAN_POINT('',(0.711206103708011,0.,-0.186298366540975));
#129=CARTESIAN_POINT('',(0.66901294352103,0.,-0.183644403428879));
#130=CARTESIAN_POINT('',(0.626848124782054,0.,-0.18052448155928));
#131=CARTESIAN_POINT('',(5.37395394863363,9.,-0.0465745916352437));
#132=CARTESIAN_POINT('',(5.36340565858689,9.,-0.0459111008572198));
#133=CARTESIAN_POINT('',(5.35286445390214,9.,-0.04513112038982));
#134=CARTESIAN_POINT('',(0.584735162786028,0.,-0.176810880101674));
#135=CARTESIAN_POINT('',(0.542622200790001,0.,-0.173097278644068));
#136=CARTESIAN_POINT('',(0.500559625489732,0.,-0.168797882697871));
#137=CARTESIAN_POINT('',(5.34233621340314,9.,-0.0442027200254184));
#138=CARTESIAN_POINT('',(5.33180797290413,9.,-0.0432743196610169));
#139=CARTESIAN_POINT('',(5.32129232907906,9.,-0.0421994706744677));
#140=CARTESIAN_POINT('',(0.458587327281502,0.,-0.163728106021995));
#141=CARTESIAN_POINT('',(0.448094252729444,0.,-0.162460661853026));
#142=CARTESIAN_POINT('',(0.437608134234528,0.,-0.161139950759245));
#143=CARTESIAN_POINT('',(5.31079925452701,9.,-0.0409320265054987));
#144=CARTESIAN_POINT('',(5.30817598588899,9.,-0.0406151654632564));
#145=CARTESIAN_POINT('',(5.30555445626526,9.,-0.0402849876898113));
#146=CARTESIAN_POINT('',(0.427128491934734,0.,-0.159767579180384));
#147=CARTESIAN_POINT('',(0.41664884963494,0.,-0.158395207601523));
#148=CARTESIAN_POINT('',(0.406175016495548,0.,-0.156973990119511));
#149=CARTESIAN_POINT('',(5.30293454569031,9.,-0.0399418947950961));
#150=CARTESIAN_POINT('',(5.30031463511536,9.,-0.0395988019003808));
#151=CARTESIAN_POINT('',(5.29769617683052,9.,-0.0392434975298778));
#152=CARTESIAN_POINT('',(0.395710904848884,0.,-0.155488664627504));
#153=CARTESIAN_POINT('',(0.374782681555555,0.,-0.15251801364349));
#154=CARTESIAN_POINT('',(0.353887242931949,0.,-0.149313942008978));
#155=CARTESIAN_POINT('',(5.29508014891885,9.,-0.038872166156876));
#156=CARTESIAN_POINT('',(5.28984809309552,9.,-0.0381295034108724));
#157=CARTESIAN_POINT('',(5.28462423343962,9.,-0.0373284855022444));
#158=CARTESIAN_POINT('',(0.333037668856637,0.,-0.145828886235796));
#159=CARTESIAN_POINT('',(0.312188094781325,0.,-0.142343830462614));
#160=CARTESIAN_POINT('',(0.291389181443551,0.,-0.13856159511038));
#161=CARTESIAN_POINT('',(5.27941183992079,9.,-0.0364572215589489));
#162=CARTESIAN_POINT('',(5.27419944640196,9.,-0.0355859576156534));
#163=CARTESIAN_POINT('',(5.26899971806752,9.,-0.0346403987775951));
#164=CARTESIAN_POINT('',(0.270659792333056,0.,-0.134421204444871));
#165=CARTESIAN_POINT('',(0.249930403222561,0.,-0.130280813779361));
#166=CARTESIAN_POINT('',(0.229275375732893,0.,-0.125766818457545));
#167=CARTESIAN_POINT('',(5.26381737078989,9.,-0.0336053011112176));
#168=CARTESIAN_POINT('',(5.25863502351227,9.,-0.0325702034448401));
#169=CARTESIAN_POINT('',(5.25347126663985,9.,-0.0314417046143863));
#170=CARTESIAN_POINT('',(0.208738539598334,0.,-0.120757703074309));
#171=CARTESIAN_POINT('',(0.198470121531055,0.,-0.118253145382691));
#172=CARTESIAN_POINT('',(0.188232181774469,0.,-0.115621949918947));
#173=CARTESIAN_POINT('',(5.24833705760621,9.,-0.0301894257685772));
#174=CARTESIAN_POINT('',(5.24576995308939,9.,-0.0295632863456726));
#175=CARTESIAN_POINT('',(5.24321046815025,9.,-0.0289054874797367));
#176=CARTESIAN_POINT('',(0.178038979372235,0.,-0.112830298089744));
#177=CARTESIAN_POINT('',(0.167845776970001,0.,-0.110038646260541));
#178=CARTESIAN_POINT('',(0.157690814853556,0.,-0.107101226241997));
#179=CARTESIAN_POINT('',(5.24066216754969,9.,-0.028207574522436));
#180=CARTESIAN_POINT('',(5.23811386694913,9.,-0.0275096615651353));
#181=CARTESIAN_POINT('',(5.23557512642002,9.,-0.0267753065604992));
#182=CARTESIAN_POINT('',(0.147595783753437,0.,-0.103969802249552));
#183=CARTESIAN_POINT('',(0.137500752653319,0.,-0.100838378257107));
#184=CARTESIAN_POINT('',(0.127467700076837,0.,-0.0975086100428998));
#185=CARTESIAN_POINT('',(5.23305136864499,9.,-0.025992450562388));
#186=CARTESIAN_POINT('',(5.23052761086996,9.,-0.0252095945642768));
#187=CARTESIAN_POINT('',(5.22801934772584,9.,-0.024377152510725));
#188=CARTESIAN_POINT('',(0.117520426472553,0.,-0.0939349279163718));
#189=CARTESIAN_POINT('',(0.11254678967041,0.,-0.0921480868531078));
#190=CARTESIAN_POINT('',(0.10759722367699,0.,-0.0902953879773148));
#191=CARTESIAN_POINT('',(5.22553252932477,9.,-0.023483731979093));
#192=CARTESIAN_POINT('',(5.22428912012423,9.,-0.023037021713277));
#193=CARTESIAN_POINT('',(5.22305172862588,9.,-0.0225738469943287));
#194=CARTESIAN_POINT('',(0.102675250949665,0.,-0.088371125778887));
#195=CARTESIAN_POINT('',(0.0977532782223409,0.,-0.0864468635804593));
#196=CARTESIAN_POINT('',(0.0928591878777845,0.,-0.0844499021025032));
#197=CARTESIAN_POINT('',(5.22182123544405,9.,-0.0220927814447218));
#198=CARTESIAN_POINT('',(5.22059074226222,9.,-0.0216117158951148));
#199=CARTESIAN_POINT('',(5.21936721967608,9.,-0.0211124755256258));
#200=CARTESIAN_POINT('',(0.0880052644549103,0.,-0.0823615471631974));
#201=CARTESIAN_POINT('',(0.0782974176091616,0.,-0.0781848372845858));
#202=CARTESIAN_POINT('',(0.0687251315998333,0.,-0.0736757226675443));
#203=CARTESIAN_POINT('',(5.21815373882036,9.,-0.0205903867907994));
#204=CARTESIAN_POINT('',(5.21572677710892,9.,-0.0195462093211465));
#205=CARTESIAN_POINT('',(5.21333370560659,9.,-0.0184189306668861));
#206=CARTESIAN_POINT('',(0.0594280510152236,0.,-0.0686476458056644));
#207=CARTESIAN_POINT('',(0.0547795107229188,0.,-0.0661336073747244));
#208=CARTESIAN_POINT('',(0.0502016443462975,0.,-0.0634885411061813));
#209=CARTESIAN_POINT('',(5.21100943546044,9.,-0.0171619114514161));
#210=CARTESIAN_POINT('',(5.20984730038736,9.,-0.0165334018436811));
#211=CARTESIAN_POINT('',(5.2087028337932,9.,-0.0158721352765453));
#212=CARTESIAN_POINT('',(0.0457246023485594,0.,-0.0606799165167118));
#213=CARTESIAN_POINT('',(0.0412475603508211,0.,-0.0578712919272422));
#214=CARTESIAN_POINT('',(0.036871358582349,0.,-0.0548981307342912));
#215=CARTESIAN_POINT('',(5.20758357329377,9.,-0.0151699791291779));
#216=CARTESIAN_POINT('',(5.20646431279434,9.,-0.0144678229818105));
#217=CARTESIAN_POINT('',(5.20537026235222,9.,-0.0137245326835728));
#218=CARTESIAN_POINT('',(0.0326590343540779,0.,-0.0517080390017645));
#219=CARTESIAN_POINT('',(0.0284467101258068,0.,-0.0485179472692377));
#220=CARTESIAN_POINT('',(0.0243890379663697,0.,-0.0451160532273548));
#221=CARTESIAN_POINT('',(5.20431718129515,9.,-0.0129270097504411));
#222=CARTESIAN_POINT('',(5.20326410023808,9.,-0.0121294868173094));
#223=CARTESIAN_POINT('',(5.20224968219822,9.,-0.0112790133068387));
#224=CARTESIAN_POINT('',(0.0205969527973929,0.,-0.0414342462740968));
#225=CARTESIAN_POINT('',(0.0168048676284163,0.,-0.0377524393208389));
#226=CARTESIAN_POINT('',(0.0132787224886499,0.,-0.0337865346156745));
#227=CARTESIAN_POINT('',(5.20130166090598,9.,-0.0103585615685242));
#228=CARTESIAN_POINT('',(5.20035363961373,9.,-0.00943810983020972));
#229=CARTESIAN_POINT('',(5.19947210332879,9.,-0.00844663365391864));
#230=CARTESIAN_POINT('',(0.0102191304807835,0.,-0.0294772106524956));
#231=CARTESIAN_POINT('',(0.00715953847291699,0.,-0.0251678866893166));
#232=CARTESIAN_POINT('',(0.0045718544930889,0.,-0.0205023595888376));
#233=CARTESIAN_POINT('',(5.19870720532683,9.,-0.00736930266312391));
#234=CARTESIAN_POINT('',(5.19794230732486,9.,-0.00629197167232914));
#235=CARTESIAN_POINT('',(5.1972953863299,9.,-0.00512558989720941));
#236=CARTESIAN_POINT('',(0.0027755365398529,0.,-0.0155331941994884));
#237=CARTESIAN_POINT('',(0.00187737756323487,0.,-0.0130486115048137));
#238=CARTESIAN_POINT('',(0.001177541371935,0.,-0.0104915220280636));
#239=CARTESIAN_POINT('',(5.19684630684159,9.,-0.0038832985498721));
#240=CARTESIAN_POINT('',(5.19662176709744,9.,-0.00326215287620342));
#241=CARTESIAN_POINT('',(5.19644680804961,9.,-0.0026228805070159));
#242=CARTESIAN_POINT('',(0.000707778045290952,0.,-0.00788968730146592));
#243=CARTESIAN_POINT('',(0.000238014718646934,0.,-0.0052878525748684));
#244=CARTESIAN_POINT('',(0.,0.,-0.00263592816361227));
#245=CARTESIAN_POINT('',(0.,0.,0.));
#246=CARTESIAN_POINT('',(5.19632936721795,9.,-0.00197242182536648));
#247=CARTESIAN_POINT('',(5.19621192638629,9.,-0.0013219631437171));
#248=CARTESIAN_POINT('',(5.19615242270663,9.,-0.000658982040903067));
#249=CARTESIAN_POINT('',(5.19615242270663,9.,0.));
#250=B_SPLINE_SURFACE_WITH_KNOTS('Surf_MDSCNVZAYE, WingGeom, 0, 4, upper',1,3,((#251, #252, #253, #257, #258, #259, #263, #264, #265, #269, #270, #271, #275, #276, #277, #281, #282, #283, #287, #288, #289, #293, #294, #295, #299, #300, #301, #305, #306, #307, #311, #312, #313, #317, #318, #319, #323, #324, #325, #329, #330, #331, #335, #336, #337, #341, #342, #343, #347, #348, #349, #353, #354, #355, #359, #360, #361, #365, #366, #367, #371, #372, #373, #377, #378, #379, #383, #384, #385, #389, #390, #391, #395, #396, #397, #401, #402, #403, #407, #408, #409, #413, #414, #415, #419, #420, #421, #425, #426, #427, #431, #432, #433, #437, #438, #439, #440),(#254, #255, #256, #260, #261, #262, #266, #267, #268, #272, #273, #274, #278, #279, #280, #284, #285, #286, #290, #291, #292, #296, #297, #298, #302, #303, #304, #308, #309, #310, #314, #315, #316, #320, #321, #322, #326, #327, #328, #332, #333, #334, #338, #339, #340, #344, #345, #346, #350, #351, #352, #356, #357, #358, #362, #363, #364, #368, #369, #370, #374, #375, #376, #380, #381, #382, #386, #387, #388, #392, #393, #394, #398, #399, #400, #404, #405, #406, #410, #411, #412, #416, #417, #418, #422, #423, #424, #428, #429, #430, #434, #435, #436, #441, #442, #443, #444)),.UNSPECIFIED.,.F.,.F.,.F.,(2,2),(4,3,3,3,3,3,3,3,3,3,3,3,3,3,3,3,3,3,3,3,3,3,3,3,3,3,3,3,3,3,3,3,4),(0.,1.),(0.,1.,2.,3.,4.,5.,6.,7.,8.,9.,10.,11.,12.,13.,14.,15.,16.,17.,18.,19.,20.,21.,22.,23.,24.,25.,26.,27.,28.,29.,30.,31.,32.),.PIECEWISE_BEZIER_KNOTS.);
#251=CARTESIAN_POINT('',(0.,0.,0.));
#252=CARTESIAN_POINT('',(0.,0.,0.00263592816361227));
#253=CARTESIAN_POINT('',(0.000238014718647015,0.,0.00528785257486866));
#254=CARTESIAN_POINT('',(5.19615242270663,9.,0.));
#255=CARTESIAN_POINT('',(5.19615242270663,9.,0.000658982040903067));
#256=CARTESIAN_POINT('',(5.19621192638629,9.,0.00132196314371717));
#257=CARTESIAN_POINT('',(0.00070777804529085,0.,0.00788968730146536));
#258=CARTESIAN_POINT('',(0.00117754137193474,0.,0.0104915220280624));
#259=CARTESIAN_POINT('',(0.00187737756323497,0.,0.013048611504814));
#260=CARTESIAN_POINT('',(5.19632936721795,9.,0.00197242182536634));
#261=CARTESIAN_POINT('',(5.19644680804961,9.,0.00262288050701559));
#262=CARTESIAN_POINT('',(5.19662176709744,9.,0.00326215287620351));
#263=CARTESIAN_POINT('',(0.00277553653985289,0.,0.0155331941994883));
#264=CARTESIAN_POINT('',(0.00457185449308852,0.,0.0205023595888364));
#265=CARTESIAN_POINT('',(0.00715953847291604,0.,0.025167886689315));
#266=CARTESIAN_POINT('',(5.19684630684159,9.,0.00388329854987209));
#267=CARTESIAN_POINT('',(5.1972953863299,9.,0.00512558989720911));
#268=CARTESIAN_POINT('',(5.19794230732486,9.,0.00629197167232876));
#269=CARTESIAN_POINT('',(0.0102191304807829,0.,0.0294772106524948));
#270=CARTESIAN_POINT('',(0.0132787224886499,0.,0.0337865346156746));
#271=CARTESIAN_POINT('',(0.0168048676284159,0.,0.0377524393208384));
#272=CARTESIAN_POINT('',(5.19870720532683,9.,0.00736930266312371));
#273=CARTESIAN_POINT('',(5.19947210332879,9.,0.00844663365391865));
#274=CARTESIAN_POINT('',(5.20035363961373,9.,0.00943810983020961));
#275=CARTESIAN_POINT('',(0.0205969527973926,0.,0.0414342462740964));
#276=CARTESIAN_POINT('',(0.0243890379663692,0.,0.0451160532273544));
#277=CARTESIAN_POINT('',(0.0284467101258088,0.,0.0485179472692392));
#278=CARTESIAN_POINT('',(5.20130166090598,9.,0.0103585615685241));
#279=CARTESIAN_POINT('',(5.20224968219822,9.,0.0112790133068386));
#280=CARTESIAN_POINT('',(5.20326410023808,9.,0.0121294868173098));
#281=CARTESIAN_POINT('',(0.0326590343540782,0.,0.0517080390017647));
#282=CARTESIAN_POINT('',(0.0368713585823476,0.,0.0548981307342902));
#283=CARTESIAN_POINT('',(0.0412475603508197,0.,0.0578712919272413));
#284=CARTESIAN_POINT('',(5.20431718129515,9.,0.0129270097504412));
#285=CARTESIAN_POINT('',(5.20537026235222,9.,0.0137245326835725));
#286=CARTESIAN_POINT('',(5.20646431279433,9.,0.0144678229818103));
#287=CARTESIAN_POINT('',(0.0457246023485584,0.,0.0606799165167112));
#288=CARTESIAN_POINT('',(0.0502016443462973,0.,0.0634885411061812));
#289=CARTESIAN_POINT('',(0.0547795107229174,0.,0.0661336073747236));
#290=CARTESIAN_POINT('',(5.20758357329377,9.,0.0151699791291778));
#291=CARTESIAN_POINT('',(5.2087028337932,9.,0.0158721352765453));
#292=CARTESIAN_POINT('',(5.20984730038736,9.,0.0165334018436809));
#293=CARTESIAN_POINT('',(0.0594280510152227,0.,0.0686476458056639));
#294=CARTESIAN_POINT('',(0.068725131599833,0.,0.0736757226675442));
#295=CARTESIAN_POINT('',(0.0782974176091601,0.,0.0781848372845852));
#296=CARTESIAN_POINT('',(5.21100943546044,9.,0.017161911451416));
#297=CARTESIAN_POINT('',(5.21333370560659,9.,0.018418930666886));
#298=CARTESIAN_POINT('',(5.21572677710892,9.,0.0195462093211463));
#299=CARTESIAN_POINT('',(0.0880052644549095,0.,0.0823615471631971));
#300=CARTESIAN_POINT('',(0.0928591878777841,0.,0.084449902102503));
#301=CARTESIAN_POINT('',(0.0977532782223414,0.,0.0864468635804595));
#302=CARTESIAN_POINT('',(5.21815373882036,9.,0.0205903867907993));
#303=CARTESIAN_POINT('',(5.21936721967608,9.,0.0211124755256257));
#304=CARTESIAN_POINT('',(5.22059074226222,9.,0.0216117158951149));
#305=CARTESIAN_POINT('',(0.102675250949666,0.,0.0883711257788872));
#306=CARTESIAN_POINT('',(0.10759722367699,0.,0.0902953879773149));
#307=CARTESIAN_POINT('',(0.11254678967041,0.,0.0921480868531078));
#308=CARTESIAN_POINT('',(5.22182123544405,9.,0.0220927814447218));
#309=CARTESIAN_POINT('',(5.22305172862588,9.,0.0225738469943287));
#310=CARTESIAN_POINT('',(5.22428912012423,9.,0.023037021713277));
#311=CARTESIAN_POINT('',(0.117520426472553,0.,0.0939349279163719));
#312=CARTESIAN_POINT('',(0.127467700076838,0.,0.0975086100429002));
#313=CARTESIAN_POINT('',(0.137500752653319,0.,0.100838378257107));
#314=CARTESIAN_POINT('',(5.22553252932477,9.,0.023483731979093));
#315=CARTESIAN_POINT('',(5.22801934772584,9.,0.024377152510725));
#316=CARTESIAN_POINT('',(5.23052761086996,9.,0.0252095945642768));
#317=CARTESIAN_POINT('',(0.147595783753437,0.,0.103969802249552));
#318=CARTESIAN_POINT('',(0.157690814853555,0.,0.107101226241997));
#319=CARTESIAN_POINT('',(0.16784577697,0.,0.110038646260541));
#320=CARTESIAN_POINT('',(5.23305136864499,9.,0.025992450562388));
#321=CARTESIAN_POINT('',(5.23557512642002,9.,0.0267753065604992));
#322=CARTESIAN_POINT('',(5.23811386694913,9.,0.0275096615651352));
#323=CARTESIAN_POINT('',(0.178038979372234,0.,0.112830298089744));
#324=CARTESIAN_POINT('',(0.188232181774467,0.,0.115621949918946));
#325=CARTESIAN_POINT('',(0.198470121531052,0.,0.11825314538269));
#326=CARTESIAN_POINT('',(5.24066216754969,9.,0.0282075745224359));
#327=CARTESIAN_POINT('',(5.24321046815025,9.,0.0289054874797366));
#328=CARTESIAN_POINT('',(5.24576995308939,9.,0.0295632863456725));
#329=CARTESIAN_POINT('',(0.208738539598332,0.,0.120757703074308));
#330=CARTESIAN_POINT('',(0.229275375732891,0.,0.125766818457545));
#331=CARTESIAN_POINT('',(0.24993040322256,0.,0.13028081377936));
#332=CARTESIAN_POINT('',(5.24833705760621,9.,0.0301894257685771));
#333=CARTESIAN_POINT('',(5.25347126663985,9.,0.0314417046143862));
#334=CARTESIAN_POINT('',(5.25863502351227,9.,0.0325702034448401));
#335=CARTESIAN_POINT('',(0.270659792333055,0.,0.13442120444487));
#336=CARTESIAN_POINT('',(0.29138918144355,0.,0.13856159511038));
#337=CARTESIAN_POINT('',(0.312188094781324,0.,0.142343830462613));
#338=CARTESIAN_POINT('',(5.26381737078989,9.,0.0336053011112176));
#339=CARTESIAN_POINT('',(5.26899971806752,9.,0.0346403987775951));
#340=CARTESIAN_POINT('',(5.27419944640196,9.,0.0355859576156533));
#341=CARTESIAN_POINT('',(0.333037668856635,0.,0.145828886235795));
#342=CARTESIAN_POINT('',(0.353887242931947,0.,0.149313942008977));
#343=CARTESIAN_POINT('',(0.374782681555554,0.,0.15251801364349));
#344=CARTESIAN_POINT('',(5.27941183992079,9.,0.0364572215589488));
#345=CARTESIAN_POINT('',(5.28462423343962,9.,0.0373284855022443));
#346=CARTESIAN_POINT('',(5.28984809309552,9.,0.0381295034108724));
#347=CARTESIAN_POINT('',(0.395710904848882,0.,0.155488664627504));
#348=CARTESIAN_POINT('',(0.406175016495547,0.,0.156973990119511));
#349=CARTESIAN_POINT('',(0.416648849634939,0.,0.158395207601523));
#350=CARTESIAN_POINT('',(5.29508014891885,9.,0.038872166156876));
#351=CARTESIAN_POINT('',(5.29769617683052,9.,0.0392434975298778));
#352=CARTESIAN_POINT('',(5.30031463511536,9.,0.0395988019003807));
#353=CARTESIAN_POINT('',(0.427128491934733,0.,0.159767579180384));
#354=CARTESIAN_POINT('',(0.437608134234527,0.,0.161139950759245));
#355=CARTESIAN_POINT('',(0.448094252729443,0.,0.162460661853026));
#356=CARTESIAN_POINT('',(5.30293454569031,9.,0.039941894795096));
#357=CARTESIAN_POINT('',(5.30555445626526,9.,0.0402849876898113));
#358=CARTESIAN_POINT('',(5.30817598588899,9.,0.0406151654632564));
#359=CARTESIAN_POINT('',(0.458587327281501,0.,0.163728106021995));
#360=CARTESIAN_POINT('',(0.500559625489731,0.,0.168797882697871));
#361=CARTESIAN_POINT('',(0.54262220079,0.,0.173097278644068));
#362=CARTESIAN_POINT('',(5.31079925452701,9.,0.0409320265054986));
#363=CARTESIAN_POINT('',(5.32129232907906,9.,0.0421994706744677));
#364=CARTESIAN_POINT('',(5.33180797290413,9.,0.0432743196610169));
#365=CARTESIAN_POINT('',(0.584735162786026,0.,0.176810880101674));
#366=CARTESIAN_POINT('',(0.626848124782052,0.,0.18052448155928));
#367=CARTESIAN_POINT('',(0.669012943521027,0.,0.183644403428879));
#368=CARTESIAN_POINT('',(5.34233621340314,9.,0.0442027200254184));
#369=CARTESIAN_POINT('',(5.35286445390214,9.,0.0451311203898199));
#370=CARTESIAN_POINT('',(5.36340565858689,9.,0.0459111008572197));
#371=CARTESIAN_POINT('',(0.711206103708009,0.,0.186298366540975));
#372=CARTESIAN_POINT('',(0.795592424081972,0.,0.191606292765166));
#373=CARTESIAN_POINT('',(0.880091556558634,0.,0.195043574769135));
#374=CARTESIAN_POINT('',(5.37395394863363,9.,0.0465745916352436));
#375=CARTESIAN_POINT('',(5.39505052872712,9.,0.0479015731912915));
#376=CARTESIAN_POINT('',(5.41617531184629,9.,0.0487608936922838));
#377=CARTESIAN_POINT('',(0.964615541458834,0.,0.197205613838636));
#378=CARTESIAN_POINT('',(0.985746537683885,0.,0.197746123606011));
#379=CARTESIAN_POINT('',(1.00688057465403,0.,0.198196062986483));
#380=CARTESIAN_POINT('',(5.43730630807134,9.,0.049301403459659));
#381=CARTESIAN_POINT('',(5.4425890571276,9.,0.0494365309015028));
#382=CARTESIAN_POINT('',(5.44787256637014,9.,0.0495490157466206));
#383=CARTESIAN_POINT('',(1.02801551623767,0.,0.198573216034621));
#384=CARTESIAN_POINT('',(1.04915045782132,0.,0.198950369082759));
#385=CARTESIAN_POINT('',(1.07028613882443,0.,0.199255896341465));
#386=CARTESIAN_POINT('',(5.45315630176605,9.,0.0496433040086552));
#387=CARTESIAN_POINT('',(5.45844003716196,9.,0.0497375922706898));
#388=CARTESIAN_POINT('',(5.46372395741274,9.,0.0498139740853663));
#389=CARTESIAN_POINT('',(1.0914232910664,0.,0.199483740289347));
#390=CARTESIAN_POINT('',(1.13369759555034,0.,0.19993942818511));
#391=CARTESIAN_POINT('',(1.17597420806748,0.,0.200116088739253));
#392=CARTESIAN_POINT('',(5.46900824547323,9.,0.0498709350723367));
#393=CARTESIAN_POINT('',(5.47957682159421,9.,0.0499848570462775));
#394=CARTESIAN_POINT('',(5.4901459747235,9.,0.0500290221848133));
#395=CARTESIAN_POINT('',(1.21825072098504,0.,0.200039310046605));
#396=CARTESIAN_POINT('',(1.30280374682018,0.,0.19988575266131));
#397=CARTESIAN_POINT('',(1.38735329604916,0.,0.198743935529762));
#398=CARTESIAN_POINT('',(5.50071510295289,9.,0.0500098275116514));
#399=CARTESIAN_POINT('',(5.52185335941167,9.,0.0499714381653274));
#400=CARTESIAN_POINT('',(5.54299074671892,9.,0.0496859838824406));
#401=CARTESIAN_POINT('',(1.47188396186723,0.,0.196829146779086));
#402=CARTESIAN_POINT('',(1.51414929477626,0.,0.195871752403748));
#403=CARTESIAN_POINT('',(1.55641044152127,0.,0.19471493343856));
#404=CARTESIAN_POINT('',(5.56412341317344,9.,0.0492072866947716));
#405=CARTESIAN_POINT('',(5.5746897464007,9.,0.0489679381009371));
#406=CARTESIAN_POINT('',(5.58525503308695,9.,0.0486787333596399));
#407=CARTESIAN_POINT('',(1.59866588170499,0.,0.193384860642775));
#408=CARTESIAN_POINT('',(1.64092132188872,0.,0.192054787846991));
#409=CARTESIAN_POINT('',(1.6831712193446,0.,0.190551852826981));
#410=CARTESIAN_POINT('',(5.59581889313288,9.,0.0483462151606938));
#411=CARTESIAN_POINT('',(5.60638275317881,9.,0.0480136969617478));
#412=CARTESIAN_POINT('',(5.61694522754278,9.,0.0476379632067453));
#413=CARTESIAN_POINT('',(1.7254149444284,0.,0.188889082405918));
#414=CARTESIAN_POINT('',(1.80990239459599,0.,0.18556354156379));
#415=CARTESIAN_POINT('',(1.89436467958179,0.,0.181620885921972));
#416=CARTESIAN_POINT('',(5.62750615881373,9.,0.0472222706014794));
#417=CARTESIAN_POINT('',(5.64862802135563,9.,0.0463908853909476));
#418=CARTESIAN_POINT('',(5.66974359260208,9.,0.045405221480493));
#419=CARTESIAN_POINT('',(1.97879963667972,0.,0.177157098685132));
#420=CARTESIAN_POINT('',(2.14766955087558,0.,0.168229524211453));
#421=CARTESIAN_POINT('',(2.31642910804741,0.,0.15728929752734));
#422=CARTESIAN_POINT('',(5.69085233187656,9.,0.0442892746712831));
#423=CARTESIAN_POINT('',(5.73306981042553,9.,0.0420573810528632));
#424=CARTESIAN_POINT('',(5.77525969971848,9.,0.0393223243818351));
#425=CARTESIAN_POINT('',(2.4850800387444,0.,0.144902453750987));
#426=CARTESIAN_POINT('',(2.65373096944138,0.,0.132515609974634));
#427=CARTESIAN_POINT('',(2.82227461749555,0.,0.118685836829199));
#428=CARTESIAN_POINT('',(5.81742243239273,9.,0.0362256134377468));
#429=CARTESIAN_POINT('',(5.85958516506698,9.,0.0331289024936584));
#430=CARTESIAN_POINT('',(5.90172107708052,9.,0.0296714592072998));
#431=CARTESIAN_POINT('',(2.99071388869967,0.,0.103693614141916));
#432=CARTESIAN_POINT('',(3.1591531599038,0.,0.0887013914546321));
#433=CARTESIAN_POINT('',(3.32748872051985,0.,0.0725476900432627));
#434=CARTESIAN_POINT('',(5.94383089488155,9.,0.0259234035354789));
#435=CARTESIAN_POINT('',(5.98594071268258,9.,0.022175347863658));
#436=CARTESIAN_POINT('',(6.02802460283659,9.,0.0181369225108157));
#437=CARTESIAN_POINT('',(3.49571012352424,0.,0.0552823559817239));
#438=CARTESIAN_POINT('',(3.66393152652863,0.,0.0380170219201851));
#439=CARTESIAN_POINT('',(3.83203918665797,0.,0.019638805836698));
#440=CARTESIAN_POINT('',(4.,0.,0.));
#441=CARTESIAN_POINT('',(6.07007995358769,9.,0.013820588995431));
#442=CARTESIAN_POINT('',(6.11213530433879,9.,0.00950425548004627));
#443=CARTESIAN_POINT('',(6.15416221937112,9.,0.0049097014591745));
#444=CARTESIAN_POINT('',(6.19615242270663,9.,0.));
#445=B_SPLINE_SURFACE_WITH_KNOTS('Surf_MDSCNVZAYE, WingGeom, 0, 7, lower',1,3,((#446, #447, #448, #452, #453, #454, #458, #459, #460, #464, #465, #466, #470, #471, #472, #476, #477, #478, #482, #483, #484, #488, #489, #490, #494, #495, #496, #500, #501, #502, #506, #507, #508, #512, #513, #514, #518, #519, #520, #524, #525, #526, #530, #531, #532, #536, #537, #538, #542, #543, #544, #548, #549, #550, #554, #555, #556, #560, #561, #562, #566, #567, #568, #572, #573, #574, #578, #579, #580, #584, #585, #586, #590, #591, #592, #596, #597, #598, #602, #603, #604, #608, #609, #610, #614, #615, #616, #620, #621, #622, #626, #627, #628, #632, #633, #634, #635),(#449, #450, #451, #455, #456, #457, #461, #462, #463, #467, #468, #469, #473, #474, #475, #479, #480, #481, #485, #486, #487, #491, #492, #493, #497, #498, #499, #503, #504, #505, #509, #510, #511, #515, #516, #517, #521, #522, #523, #527, #528, #529, #533, #534, #535, #539, #540, #541, #545, #546, #547, #551, #552, #553, #557, #558, #559, #563, #564, #565, #569, #570, #571, #575, #576, #577, #581, #582, #583, #587, #588, #589, #593, #594, #595, #599, #600, #601, #605, #606, #607, #611, #612, #613, #617, #618, #619, #623, #624, #625, #629, #630, #631, #636, #637, #638, #639)),.UNSPECIFIED.,.F.,.F.,.F.,(2,2),(4,3,3,3,3,3,3,3,3,3,3,3,3,3,3,3,3,3,3,3,3,3,3,3,3,3,3,3,3,3,3,3,4),(0.,1.),(0.,1.,2.,3.,4.,5.,6.,7.,8.,9.,10.,11.,12.,13.,14.,15.,16.,17.,18.,19.,20.,21.,22.,23.,24.,25.,26.,27.,28.,29.,30.,31.,32.),.PIECEWISE_BEZIER_KNOTS.);
#446=CARTESIAN_POINT('',(6.19615242270663,9.,0.));
#447=CARTESIAN_POINT('',(6.15416221937112,9.,-0.00490970145917348));
#448=CARTESIAN_POINT('',(6.11213530433879,9.,-0.0095042554800461));
#449=CARTESIAN_POINT('',(6.19615242270663,9.,0.));
#450=CARTESIAN_POINT('',(6.15416221937112,9.,5.09141340199193E-16));
#451=CARTESIAN_POINT('',(6.11213530433879,9.,8.23993651088983E-17));
#452=CARTESIAN_POINT('',(6.07007995358769,9.,-0.0138205889954309));
#453=CARTESIAN_POINT('',(6.02802460283659,9.,-0.0181369225108157));
#454=CARTESIAN_POINT('',(5.98594071268258,9.,-0.022175347863658));
#455=CARTESIAN_POINT('',(6.07007995358769,9.,3.55618312575245E-17));
#456=CARTESIAN_POINT('',(6.02802460283659,9.,-1.56125112837913E-17));
#457=CARTESIAN_POINT('',(5.98594071268258,9.,2.25514051876985E-17));
#458=CARTESIAN_POINT('',(5.94383089488155,9.,-0.0259234035354789));
#459=CARTESIAN_POINT('',(5.90172107708052,9.,-0.0296714592072998));
#460=CARTESIAN_POINT('',(5.85958516506698,9.,-0.0331289024936585));
#461=CARTESIAN_POINT('',(5.94383089488155,9.,2.77555756156289E-17));
#462=CARTESIAN_POINT('',(5.90172107708052,9.,3.64291929955129E-17));
#463=CARTESIAN_POINT('',(5.85958516506698,9.,-6.93889390390723E-18));
#464=CARTESIAN_POINT('',(5.81742243239273,9.,-0.0362256134377468));
#465=CARTESIAN_POINT('',(5.77525969971848,9.,-0.039322324381835));
#466=CARTESIAN_POINT('',(5.73306981042553,9.,-0.0420573810528632));
#467=CARTESIAN_POINT('',(5.81742243239273,9.,1.04083408558608E-17));
#468=CARTESIAN_POINT('',(5.77525969971848,9.,2.77555756156289E-17));
#469=CARTESIAN_POINT('',(5.73306981042553,9.,3.81639164714898E-17));
#470=CARTESIAN_POINT('',(5.69085233187656,9.,-0.0442892746712831));
#471=CARTESIAN_POINT('',(5.66974359260208,9.,-0.045405221480493));
#472=CARTESIAN_POINT('',(5.64862802135563,9.,-0.0463908853909476));
#473=CARTESIAN_POINT('',(5.69085233187656,9.,1.04083408558608E-17));
#474=CARTESIAN_POINT('',(5.66974359260208,9.,-3.46944695195361E-18));
#475=CARTESIAN_POINT('',(5.64862802135563,9.,1.04083408558608E-17));
#476=CARTESIAN_POINT('',(5.62750615881373,9.,-0.0472222706014794));
#477=CARTESIAN_POINT('',(5.61694522754278,9.,-0.0476379632067453));
#478=CARTESIAN_POINT('',(5.60638275317881,9.,-0.0480136969617477));
#479=CARTESIAN_POINT('',(5.62750615881373,9.,1.04083408558608E-17));
#480=CARTESIAN_POINT('',(5.61694522754278,9.,6.93889390390723E-18));
#481=CARTESIAN_POINT('',(5.60638275317881,9.,6.93889390390723E-18));
#482=CARTESIAN_POINT('',(5.59581889313288,9.,-0.0483462151606938));
#483=CARTESIAN_POINT('',(5.58525503308695,9.,-0.0486787333596399));
#484=CARTESIAN_POINT('',(5.5746897464007,9.,-0.0489679381009371));
#485=CARTESIAN_POINT('',(5.59581889313288,9.,6.93889390390723E-18));
#486=CARTESIAN_POINT('',(5.58525503308695,9.,3.46944695195361E-18));
#487=CARTESIAN_POINT('',(5.5746897464007,9.,3.46944695195361E-18));
#488=CARTESIAN_POINT('',(5.56412341317344,9.,-0.0492072866947716));
#489=CARTESIAN_POINT('',(5.54299074671892,9.,-0.0496859838824406));
#490=CARTESIAN_POINT('',(5.52185335941168,9.,-0.0499714381653274));
#491=CARTESIAN_POINT('',(5.56412341317344,9.,3.46944695195361E-18));
#492=CARTESIAN_POINT('',(5.54299074671892,9.,3.46944695195361E-18));
#493=CARTESIAN_POINT('',(5.52185335941168,9.,6.93889390390723E-18));
#494=CARTESIAN_POINT('',(5.50071510295289,9.,-0.0500098275116514));
#495=CARTESIAN_POINT('',(5.4901459747235,9.,-0.0500290221848133));
#496=CARTESIAN_POINT('',(5.47957682159421,9.,-0.0499848570462775));
#497=CARTESIAN_POINT('',(5.50071510295289,9.,3.46944695195361E-18));
#498=CARTESIAN_POINT('',(5.4901459747235,9.,0.));
#499=CARTESIAN_POINT('',(5.47957682159421,9.,1.04083408558608E-17));
#500=CARTESIAN_POINT('',(5.46900824547323,9.,-0.0498709350723367));
#501=CARTESIAN_POINT('',(5.46372395741274,9.,-0.0498139740853663));
#502=CARTESIAN_POINT('',(5.45844003716196,9.,-0.0497375922706898));
#503=CARTESIAN_POINT('',(5.46900824547323,9.,6.93889390390723E-18));
#504=CARTESIAN_POINT('',(5.46372395741274,9.,6.93889390390723E-18));
#505=CARTESIAN_POINT('',(5.45844003716196,9.,-3.46944695195361E-18));
#506=CARTESIAN_POINT('',(5.45315630176605,9.,-0.0496433040086552));
#507=CARTESIAN_POINT('',(5.44787256637014,9.,-0.0495490157466206));
#508=CARTESIAN_POINT('',(5.4425890571276,9.,-0.0494365309015028));
#509=CARTESIAN_POINT('',(5.45315630176605,9.,-3.46944695195361E-18));
#510=CARTESIAN_POINT('',(5.44787256637014,9.,-3.46944695195361E-18));
#511=CARTESIAN_POINT('',(5.4425890571276,9.,-1.04083408558608E-17));
#512=CARTESIAN_POINT('',(5.43730630807134,9.,-0.049301403459659));
#513=CARTESIAN_POINT('',(5.41617531184629,9.,-0.0487608936922839));
#514=CARTESIAN_POINT('',(5.39505052872712,9.,-0.0479015731912915));
#515=CARTESIAN_POINT('',(5.43730630807134,9.,-1.04083408558608E-17));
#516=CARTESIAN_POINT('',(5.41617531184629,9.,-1.38777878078145E-17));
#517=CARTESIAN_POINT('',(5.39505052872712,9.,-1.04083408558608E-17));
#518=CARTESIAN_POINT('',(5.37395394863363,9.,-0.0465745916352437));
#519=CARTESIAN_POINT('',(5.36340565858689,9.,-0.0459111008572198));
#520=CARTESIAN_POINT('',(5.35286445390214,9.,-0.04513112038982));
#521=CARTESIAN_POINT('',(5.37395394863363,9.,-2.42861286636753E-17));
#522=CARTESIAN_POINT('',(5.36340565858689,9.,-3.46944695195361E-17));
#523=CARTESIAN_POINT('',(5.35286445390214,9.,-1.73472347597681E-17));
#524=CARTESIAN_POINT('',(5.34233621340314,9.,-0.0442027200254184));
#525=CARTESIAN_POINT('',(5.33180797290413,9.,-0.0432743196610169));
#526=CARTESIAN_POINT('',(5.32129232907906,9.,-0.0421994706744677));
#527=CARTESIAN_POINT('',(5.34233621340314,9.,-1.38777878078145E-17));
#528=CARTESIAN_POINT('',(5.33180797290413,9.,-6.93889390390723E-18));
#529=CARTESIAN_POINT('',(5.32129232907906,9.,3.46944695195361E-18));
#530=CARTESIAN_POINT('',(5.31079925452701,9.,-0.0409320265054987));
#531=CARTESIAN_POINT('',(5.30817598588899,9.,-0.0406151654632564));
#532=CARTESIAN_POINT('',(5.30555445626526,9.,-0.0402849876898113));
#533=CARTESIAN_POINT('',(5.31079925452701,9.,-1.38777878078145E-17));
#534=CARTESIAN_POINT('',(5.30817598588899,9.,-1.73472347597681E-17));
#535=CARTESIAN_POINT('',(5.30555445626526,9.,-3.46944695195361E-17));
#536=CARTESIAN_POINT('',(5.30293454569031,9.,-0.0399418947950961));
#537=CARTESIAN_POINT('',(5.30031463511536,9.,-0.0395988019003808));
#538=CARTESIAN_POINT('',(5.29769617683052,9.,-0.0392434975298778));
#539=CARTESIAN_POINT('',(5.30293454569031,9.,-3.12250225675825E-17));
#540=CARTESIAN_POINT('',(5.30031463511536,9.,-3.12250225675825E-17));
#541=CARTESIAN_POINT('',(5.29769617683052,9.,-1.73472347597681E-17));
#542=CARTESIAN_POINT('',(5.29508014891885,9.,-0.038872166156876));
#543=CARTESIAN_POINT('',(5.28984809309552,9.,-0.0381295034108724));
#544=CARTESIAN_POINT('',(5.28462423343962,9.,-0.0373284855022444));
#545=CARTESIAN_POINT('',(5.29508014891885,9.,-1.73472347597681E-17));
#546=CARTESIAN_POINT('',(5.28984809309552,9.,-3.46944695195361E-18));
#547=CARTESIAN_POINT('',(5.28462423343962,9.,-4.85722573273506E-17));
#548=CARTESIAN_POINT('',(5.27941183992079,9.,-0.0364572215589489));
#549=CARTESIAN_POINT('',(5.27419944640196,9.,-0.0355859576156534));
#550=CARTESIAN_POINT('',(5.26899971806752,9.,-0.0346403987775951));
#551=CARTESIAN_POINT('',(5.27941183992079,9.,-4.16333634234434E-17));
#552=CARTESIAN_POINT('',(5.27419944640196,9.,-3.81639164714898E-17));
#553=CARTESIAN_POINT('',(5.26899971806752,9.,-2.42861286636753E-17));
#554=CARTESIAN_POINT('',(5.26381737078989,9.,-0.0336053011112176));
#555=CARTESIAN_POINT('',(5.25863502351227,9.,-0.0325702034448401));
#556=CARTESIAN_POINT('',(5.25347126663985,9.,-0.0314417046143863));
#557=CARTESIAN_POINT('',(5.26381737078989,9.,-3.12250225675825E-17));
#558=CARTESIAN_POINT('',(5.25863502351227,9.,-4.5102810375397E-17));
#559=CARTESIAN_POINT('',(5.25347126663985,9.,-4.16333634234434E-17));
#560=CARTESIAN_POINT('',(5.24833705760621,9.,-0.0301894257685772));
#561=CARTESIAN_POINT('',(5.24576995308939,9.,-0.0295632863456726));
#562=CARTESIAN_POINT('',(5.24321046815025,9.,-0.0289054874797367));
#563=CARTESIAN_POINT('',(5.24833705760621,9.,-6.59194920871187E-17));
#564=CARTESIAN_POINT('',(5.24576995308939,9.,-7.11236625150491E-17));
#565=CARTESIAN_POINT('',(5.24321046815025,9.,-5.3776427755281E-17));
#566=CARTESIAN_POINT('',(5.24066216754969,9.,-0.028207574522436));
#567=CARTESIAN_POINT('',(5.23811386694913,9.,-0.0275096615651353));
#568=CARTESIAN_POINT('',(5.23557512642002,9.,-0.0267753065604992));
#569=CARTESIAN_POINT('',(5.24066216754969,9.,-3.98986399474666E-17));
#570=CARTESIAN_POINT('',(5.23811386694913,9.,-3.12250225675825E-17));
#571=CARTESIAN_POINT('',(5.23557512642002,9.,-1.56125112837913E-17));
#572=CARTESIAN_POINT('',(5.23305136864499,9.,-0.025992450562388));
#573=CARTESIAN_POINT('',(5.23052761086996,9.,-0.0252095945642768));
#574=CARTESIAN_POINT('',(5.22801934772584,9.,-0.024377152510725));
#575=CARTESIAN_POINT('',(5.23305136864499,9.,-5.20417042793042E-18));
#576=CARTESIAN_POINT('',(5.23052761086996,9.,0.));
#577=CARTESIAN_POINT('',(5.22801934772584,9.,4.33680868994202E-17));
#578=CARTESIAN_POINT('',(5.22553252932477,9.,-0.023483731979093));
#579=CARTESIAN_POINT('',(5.22428912012423,9.,-0.023037021713277));
#580=CARTESIAN_POINT('',(5.22305172862588,9.,-0.0225738469943287));
#581=CARTESIAN_POINT('',(5.22553252932477,9.,1.04083408558608E-17));
#582=CARTESIAN_POINT('',(5.22428912012423,9.,3.46944695195361E-18));
#583=CARTESIAN_POINT('',(5.22305172862588,9.,1.21430643318376E-17));
#584=CARTESIAN_POINT('',(5.22182123544405,9.,-0.0220927814447218));
#585=CARTESIAN_POINT('',(5.22059074226222,9.,-0.0216117158951148));
#586=CARTESIAN_POINT('',(5.21936721967608,9.,-0.0211124755256258));
#587=CARTESIAN_POINT('',(5.22182123544405,9.,2.25514051876985E-17));
#588=CARTESIAN_POINT('',(5.22059074226222,9.,2.60208521396521E-17));
#589=CARTESIAN_POINT('',(5.21936721967608,9.,-2.60208521396521E-17));
#590=CARTESIAN_POINT('',(5.21815373882036,9.,-0.0205903867907994));
#591=CARTESIAN_POINT('',(5.21572677710892,9.,-0.0195462093211465));
#592=CARTESIAN_POINT('',(5.21333370560659,9.,-0.0184189306668861));
#593=CARTESIAN_POINT('',(5.21815373882036,9.,-4.5102810375397E-17));
#594=CARTESIAN_POINT('',(5.21572677710892,9.,-8.32667268468867E-17));
#595=CARTESIAN_POINT('',(5.21333370560659,9.,-1.73472347597681E-17));
#596=CARTESIAN_POINT('',(5.21100943546044,9.,-0.0171619114514161));
#597=CARTESIAN_POINT('',(5.20984730038736,9.,-0.0165334018436811));
#598=CARTESIAN_POINT('',(5.2087028337932,9.,-0.0158721352765453));
#599=CARTESIAN_POINT('',(5.21100943546044,9.,-6.07153216591882E-17));
#600=CARTESIAN_POINT('',(5.20984730038736,9.,-1.00613961606655E-16));
#601=CARTESIAN_POINT('',(5.2087028337932,9.,-1.04083408558608E-17));
#602=CARTESIAN_POINT('',(5.20758357329377,9.,-0.0151699791291779));
#603=CARTESIAN_POINT('',(5.20646431279434,9.,-0.0144678229818105));
#604=CARTESIAN_POINT('',(5.20537026235222,9.,-0.0137245326835728));
#605=CARTESIAN_POINT('',(5.20758357329377,9.,-7.63278329429795E-17));
#606=CARTESIAN_POINT('',(5.20646431279433,9.,-1.11889664200504E-16));
#607=CARTESIAN_POINT('',(5.20537026235222,9.,-1.34441069388203E-16));
#608=CARTESIAN_POINT('',(5.20431718129515,9.,-0.0129270097504411));
#609=CARTESIAN_POINT('',(5.20326410023808,9.,-0.0121294868173094));
#610=CARTESIAN_POINT('',(5.20224968219822,9.,-0.0112790133068387));
#611=CARTESIAN_POINT('',(5.20431718129515,9.,2.77555756156289E-17));
#612=CARTESIAN_POINT('',(5.20326410023808,9.,1.8995222061946E-16));
#613=CARTESIAN_POINT('',(5.20224968219822,9.,-4.85722573273506E-17));
#614=CARTESIAN_POINT('',(5.20130166090598,9.,-0.0103585615685242));
#615=CARTESIAN_POINT('',(5.20035363961373,9.,-0.00943810983020972));
#616=CARTESIAN_POINT('',(5.19947210332879,9.,-0.00844663365391864));
#617=CARTESIAN_POINT('',(5.20130166090598,9.,-4.5102810375397E-17));
#618=CARTESIAN_POINT('',(5.20035363961373,9.,-5.55111512312578E-17));
#619=CARTESIAN_POINT('',(5.19947210332879,9.,7.80625564189563E-18));
#620=CARTESIAN_POINT('',(5.19870720532683,9.,-0.00736930266312391));
#621=CARTESIAN_POINT('',(5.19794230732486,9.,-0.00629197167232914));
#622=CARTESIAN_POINT('',(5.1972953863299,9.,-0.00512558989720941));
#623=CARTESIAN_POINT('',(5.19870720532683,9.,-9.8879238130678E-17));
#624=CARTESIAN_POINT('',(5.19794230732486,9.,-1.8995222061946E-16));
#625=CARTESIAN_POINT('',(5.1972953863299,9.,-1.50053580671994E-16));
#626=CARTESIAN_POINT('',(5.19684630684159,9.,-0.0038832985498721));
#627=CARTESIAN_POINT('',(5.19662176709744,9.,-0.00326215287620342));
#628=CARTESIAN_POINT('',(5.19644680804961,9.,-0.0026228805070159));
#629=CARTESIAN_POINT('',(5.19684630684159,9.,-4.33680868994202E-18));
#630=CARTESIAN_POINT('',(5.19662176709744,9.,4.20670442924376E-17));
#631=CARTESIAN_POINT('',(5.19644680804961,9.,-1.55474591534421E-16));
#632=CARTESIAN_POINT('',(5.19632936721795,9.,-0.00197242182536648));
#633=CARTESIAN_POINT('',(5.19621192638629,9.,-0.0013219631437171));
#634=CARTESIAN_POINT('',(5.19615242270663,9.,-0.000658982040903067));
#635=CARTESIAN_POINT('',(5.19615242270663,9.,0.));
#636=CARTESIAN_POINT('',(5.19632936721795,9.,-7.06899816460549E-17));
#637=CARTESIAN_POINT('',(5.19621192638629,9.,3.26344853918137E-17));
#638=CARTESIAN_POINT('',(5.19615242270663,9.,0.));
#639=CARTESIAN_POINT('',(5.19615242270663,9.,0.));
#640=B_SPLINE_SURFACE_WITH_KNOTS('Surf_MDSCNVZAYE, WingGeom, 0, 10, upper',1,3,((#641, #642, #643, #647, #648, #649, #653, #654, #655, #659, #660, #661, #665, #666, #667, #671, #672, #673, #677, #678, #679, #683, #684, #685, #689, #690, #691, #695, #696, #697, #701, #702, #703, #707, #708, #709, #713, #714, #715, #719, #720, #721, #725, #726, #727, #731, #732, #733, #737, #738, #739, #743, #744, #745, #749, #750, #751, #755, #756, #757, #761, #762, #763, #767, #768, #769, #773, #774, #775, #779, #780, #781, #785, #786, #787, #791, #792, #793, #797, #798, #799, #803, #804, #805, #809, #810, #811, #815, #816, #817, #821, #822, #823, #827, #828, #829, #830),(#644, #645, #646, #650, #651, #652, #656, #657, #658, #662, #663, #664, #668, #669, #670, #674, #675, #676, #680, #681, #682, #686, #687, #688, #692, #693, #694, #698, #699, #700, #704, #705, #706, #710, #711, #712, #716, #717, #718, #722, #723, #724, #728, #729, #730, #734, #735, #736, #740, #741, #742, #746, #747, #748, #752, #753, #754, #758, #759, #760, #764, #765, #766, #770, #771, #772, #776, #777, #778, #782, #783, #784, #788, #789, #790, #794, #795, #796, #800, #801, #802, #806, #807, #808, #812, #813, #814, #818, #819, #820, #824, #825, #826, #831, #832, #833, #834)),.UNSPECIFIED.,.F.,.F.,.F.,(2,2),(4,3,3,3,3,3,3,3,3,3,3,3,3,3,3,3,3,3,3,3,3,3,3,3,3,3,3,3,3,3,3,3,4),(0.,1.),(0.,1.,2.,3.,4.,5.,6.,7.,8.,9.,10.,11.,12.,13.,14.,15.,16.,17.,18.,19.,20.,21.,22.,23.,24.,25.,26.,27.,28.,29.,30.,31.,32.),.PIECEWISE_BEZIER_KNOTS.);
#641=CARTESIAN_POINT('',(5.19615242270663,9.,0.));
#642=CARTESIAN_POINT('',(5.19615242270663,9.,0.000658982040903067));
#643=CARTESIAN_POINT('',(5.19621192638629,9.,0.00132196314371717));
#644=CARTESIAN_POINT('',(5.19615242270663,9.,0.));
#645=CARTESIAN_POINT('',(5.19615242270663,9.,0.));
#646=CARTESIAN_POINT('',(5.19621192638629,9.,3.26344853918137E-17));
#647=CARTESIAN_POINT('',(5.19632936721795,9.,0.00197242182536634));
#648=CARTESIAN_POINT('',(5.19644680804961,9.,0.00262288050701559));
#649=CARTESIAN_POINT('',(5.19662176709744,9.,0.00326215287620351));
#650=CARTESIAN_POINT('',(5.19632936721795,9.,-7.06899816460549E-17));
#651=CARTESIAN_POINT('',(5.19644680804961,9.,-1.55474591534421E-16));
#652=CARTESIAN_POINT('',(5.19662176709744,9.,4.20670442924376E-17));
#653=CARTESIAN_POINT('',(5.19684630684159,9.,0.00388329854987209));
#654=CARTESIAN_POINT('',(5.1972953863299,9.,0.00512558989720911));
#655=CARTESIAN_POINT('',(5.19794230732486,9.,0.00629197167232876));
#656=CARTESIAN_POINT('',(5.19684630684159,9.,-4.33680868994202E-18));
#657=CARTESIAN_POINT('',(5.1972953863299,9.,-1.50053580671994E-16));
#658=CARTESIAN_POINT('',(5.19794230732486,9.,-1.8995222061946E-16));
#659=CARTESIAN_POINT('',(5.19870720532683,9.,0.00736930266312371));
#660=CARTESIAN_POINT('',(5.19947210332879,9.,0.00844663365391865));
#661=CARTESIAN_POINT('',(5.20035363961373,9.,0.00943810983020961));
#662=CARTESIAN_POINT('',(5.19870720532683,9.,-9.8879238130678E-17));
#663=CARTESIAN_POINT('',(5.19947210332879,9.,7.80625564189563E-18));
#664=CARTESIAN_POINT('',(5.20035363961373,9.,-5.55111512312578E-17));
#665=CARTESIAN_POINT('',(5.20130166090598,9.,0.0103585615685241));
#666=CARTESIAN_POINT('',(5.20224968219822,9.,0.0112790133068386));
#667=CARTESIAN_POINT('',(5.20326410023808,9.,0.0121294868173098));
#668=CARTESIAN_POINT('',(5.20130166090598,9.,-4.5102810375397E-17));
#669=CARTESIAN_POINT('',(5.20224968219822,9.,-4.85722573273506E-17));
#670=CARTESIAN_POINT('',(5.20326410023808,9.,1.8995222061946E-16));
#671=CARTESIAN_POINT('',(5.20431718129515,9.,0.0129270097504412));
#672=CARTESIAN_POINT('',(5.20537026235222,9.,0.0137245326835725));
#673=CARTESIAN_POINT('',(5.20646431279433,9.,0.0144678229818103));
#674=CARTESIAN_POINT('',(5.20431718129515,9.,2.77555756156289E-17));
#675=CARTESIAN_POINT('',(5.20537026235222,9.,-1.34441069388203E-16));
#676=CARTESIAN_POINT('',(5.20646431279433,9.,-1.11889664200504E-16));
#677=CARTESIAN_POINT('',(5.20758357329377,9.,0.0151699791291778));
#678=CARTESIAN_POINT('',(5.2087028337932,9.,0.0158721352765453));
#679=CARTESIAN_POINT('',(5.20984730038736,9.,0.0165334018436809));
#680=CARTESIAN_POINT('',(5.20758357329377,9.,-7.63278329429795E-17));
#681=CARTESIAN_POINT('',(5.2087028337932,9.,-1.04083408558608E-17));
#682=CARTESIAN_POINT('',(5.20984730038736,9.,-1.00613961606655E-16));
#683=CARTESIAN_POINT('',(5.21100943546044,9.,0.017161911451416));
#684=CARTESIAN_POINT('',(5.21333370560659,9.,0.018418930666886));
#685=CARTESIAN_POINT('',(5.21572677710892,9.,0.0195462093211463));
#686=CARTESIAN_POINT('',(5.21100943546044,9.,-6.07153216591882E-17));
#687=CARTESIAN_POINT('',(5.21333370560659,9.,-1.73472347597681E-17));
#688=CARTESIAN_POINT('',(5.21572677710892,9.,-8.32667268468867E-17));
#689=CARTESIAN_POINT('',(5.21815373882036,9.,0.0205903867907993));
#690=CARTESIAN_POINT('',(5.21936721967608,9.,0.0211124755256257));
#691=CARTESIAN_POINT('',(5.22059074226222,9.,0.0216117158951149));
#692=CARTESIAN_POINT('',(5.21815373882036,9.,-4.5102810375397E-17));
#693=CARTESIAN_POINT('',(5.21936721967608,9.,-2.60208521396521E-17));
#694=CARTESIAN_POINT('',(5.22059074226222,9.,2.60208521396521E-17));
#695=CARTESIAN_POINT('',(5.22182123544405,9.,0.0220927814447218));
#696=CARTESIAN_POINT('',(5.22305172862588,9.,0.0225738469943287));
#697=CARTESIAN_POINT('',(5.22428912012423,9.,0.023037021713277));
#698=CARTESIAN_POINT('',(5.22182123544405,9.,2.25514051876985E-17));
#699=CARTESIAN_POINT('',(5.22305172862588,9.,1.21430643318376E-17));
#700=CARTESIAN_POINT('',(5.22428912012423,9.,3.46944695195361E-18));
#701=CARTESIAN_POINT('',(5.22553252932477,9.,0.023483731979093));
#702=CARTESIAN_POINT('',(5.22801934772584,9.,0.024377152510725));
#703=CARTESIAN_POINT('',(5.23052761086996,9.,0.0252095945642768));
#704=CARTESIAN_POINT('',(5.22553252932477,9.,1.04083408558608E-17));
#705=CARTESIAN_POINT('',(5.22801934772584,9.,4.33680868994202E-17));
#706=CARTESIAN_POINT('',(5.23052761086996,9.,0.));
#707=CARTESIAN_POINT('',(5.23305136864499,9.,0.025992450562388));
#708=CARTESIAN_POINT('',(5.23557512642002,9.,0.0267753065604992));
#709=CARTESIAN_POINT('',(5.23811386694913,9.,0.0275096615651352));
#710=CARTESIAN_POINT('',(5.23305136864499,9.,-5.20417042793042E-18));
#711=CARTESIAN_POINT('',(5.23557512642002,9.,-1.56125112837913E-17));
#712=CARTESIAN_POINT('',(5.23811386694913,9.,-3.12250225675825E-17));
#713=CARTESIAN_POINT('',(5.24066216754969,9.,0.0282075745224359));
#714=CARTESIAN_POINT('',(5.24321046815025,9.,0.0289054874797366));
#715=CARTESIAN_POINT('',(5.24576995308939,9.,0.0295632863456725));
#716=CARTESIAN_POINT('',(5.24066216754969,9.,-3.98986399474666E-17));
#717=CARTESIAN_POINT('',(5.24321046815025,9.,-5.3776427755281E-17));
#718=CARTESIAN_POINT('',(5.24576995308939,9.,-7.11236625150491E-17));
#719=CARTESIAN_POINT('',(5.24833705760621,9.,0.0301894257685771));
#720=CARTESIAN_POINT('',(5.25347126663985,9.,0.0314417046143862));
#721=CARTESIAN_POINT('',(5.25863502351227,9.,0.0325702034448401));
#722=CARTESIAN_POINT('',(5.24833705760621,9.,-6.59194920871187E-17));
#723=CARTESIAN_POINT('',(5.25347126663985,9.,-4.16333634234434E-17));
#724=CARTESIAN_POINT('',(5.25863502351227,9.,-4.5102810375397E-17));
#725=CARTESIAN_POINT('',(5.26381737078989,9.,0.0336053011112176));
#726=CARTESIAN_POINT('',(5.26899971806752,9.,0.0346403987775951));
#727=CARTESIAN_POINT('',(5.27419944640196,9.,0.0355859576156533));
#728=CARTESIAN_POINT('',(5.26381737078989,9.,-3.12250225675825E-17));
#729=CARTESIAN_POINT('',(5.26899971806752,9.,-2.42861286636753E-17));
#730=CARTESIAN_POINT('',(5.27419944640196,9.,-3.81639164714898E-17));
#731=CARTESIAN_POINT('',(5.27941183992079,9.,0.0364572215589488));
#732=CARTESIAN_POINT('',(5.28462423343962,9.,0.0373284855022443));
#733=CARTESIAN_POINT('',(5.28984809309552,9.,0.0381295034108724));
#734=CARTESIAN_POINT('',(5.27941183992079,9.,-4.16333634234434E-17));
#735=CARTESIAN_POINT('',(5.28462423343962,9.,-4.85722573273506E-17));
#736=CARTESIAN_POINT('',(5.28984809309552,9.,-3.46944695195361E-18));
#737=CARTESIAN_POINT('',(5.29508014891885,9.,0.038872166156876));
#738=CARTESIAN_POINT('',(5.29769617683052,9.,0.0392434975298778));
#739=CARTESIAN_POINT('',(5.30031463511536,9.,0.0395988019003807));
#740=CARTESIAN_POINT('',(5.29508014891885,9.,-1.73472347597681E-17));
#741=CARTESIAN_POINT('',(5.29769617683052,9.,-1.73472347597681E-17));
#742=CARTESIAN_POINT('',(5.30031463511536,9.,-3.12250225675825E-17));
#743=CARTESIAN_POINT('',(5.30293454569031,9.,0.039941894795096));
#744=CARTESIAN_POINT('',(5.30555445626526,9.,0.0402849876898113));
#745=CARTESIAN_POINT('',(5.30817598588899,9.,0.0406151654632564));
#746=CARTESIAN_POINT('',(5.30293454569031,9.,-3.12250225675825E-17));
#747=CARTESIAN_POINT('',(5.30555445626526,9.,-3.46944695195361E-17));
#748=CARTESIAN_POINT('',(5.30817598588899,9.,-1.73472347597681E-17));
#749=CARTESIAN_POINT('',(5.31079925452701,9.,0.0409320265054986));
#750=CARTESIAN_POINT('',(5.32129232907906,9.,0.0421994706744677));
#751=CARTESIAN_POINT('',(5.33180797290413,9.,0.0432743196610169));
#752=CARTESIAN_POINT('',(5.31079925452701,9.,-1.38777878078145E-17));
#753=CARTESIAN_POINT('',(5.32129232907906,9.,3.46944695195361E-18));
#754=CARTESIAN_POINT('',(5.33180797290413,9.,-6.93889390390723E-18));
#755=CARTESIAN_POINT('',(5.34233621340314,9.,0.0442027200254184));
#756=CARTESIAN_POINT('',(5.35286445390214,9.,0.0451311203898199));
#757=CARTESIAN_POINT('',(5.36340565858689,9.,0.0459111008572197));
#758=CARTESIAN_POINT('',(5.34233621340314,9.,-1.38777878078145E-17));
#759=CARTESIAN_POINT('',(5.35286445390214,9.,-1.73472347597681E-17));
#760=CARTESIAN_POINT('',(5.36340565858689,9.,-3.46944695195361E-17));
#761=CARTESIAN_POINT('',(5.37395394863363,9.,0.0465745916352436));
#762=CARTESIAN_POINT('',(5.39505052872712,9.,0.0479015731912915));
#763=CARTESIAN_POINT('',(5.41617531184629,9.,0.0487608936922838));
#764=CARTESIAN_POINT('',(5.37395394863363,9.,-2.42861286636753E-17));
#765=CARTESIAN_POINT('',(5.39505052872712,9.,-1.04083408558608E-17));
#766=CARTESIAN_POINT('',(5.41617531184629,9.,-1.38777878078145E-17));
#767=CARTESIAN_POINT('',(5.43730630807134,9.,0.049301403459659));
#768=CARTESIAN_POINT('',(5.4425890571276,9.,0.0494365309015028));
#769=CARTESIAN_POINT('',(5.44787256637014,9.,0.0495490157466206));
#770=CARTESIAN_POINT('',(5.43730630807134,9.,-1.04083408558608E-17));
#771=CARTESIAN_POINT('',(5.4425890571276,9.,-1.04083408558608E-17));
#772=CARTESIAN_POINT('',(5.44787256637014,9.,-3.46944695195361E-18));
#773=CARTESIAN_POINT('',(5.45315630176605,9.,0.0496433040086552));
#774=CARTESIAN_POINT('',(5.45844003716196,9.,0.0497375922706898));
#775=CARTESIAN_POINT('',(5.46372395741274,9.,0.0498139740853663));
#776=CARTESIAN_POINT('',(5.45315630176605,9.,-3.46944695195361E-18));
#777=CARTESIAN_POINT('',(5.45844003716196,9.,-3.46944695195361E-18));
#778=CARTESIAN_POINT('',(5.46372395741274,9.,6.93889390390723E-18));
#779=CARTESIAN_POINT('',(5.46900824547323,9.,0.0498709350723367));
#780=CARTESIAN_POINT('',(5.47957682159421,9.,0.0499848570462775));
#781=CARTESIAN_POINT('',(5.4901459747235,9.,0.0500290221848133));
#782=CARTESIAN_POINT('',(5.46900824547323,9.,6.93889390390723E-18));
#783=CARTESIAN_POINT('',(5.47957682159421,9.,1.04083408558608E-17));
#784=CARTESIAN_POINT('',(5.4901459747235,9.,0.));
#785=CARTESIAN_POINT('',(5.50071510295289,9.,0.0500098275116514));
#786=CARTESIAN_POINT('',(5.52185335941167,9.,0.0499714381653274));
#787=CARTESIAN_POINT('',(5.54299074671892,9.,0.0496859838824406));
#788=CARTESIAN_POINT('',(5.50071510295289,9.,3.46944695195361E-18));
#789=CARTESIAN_POINT('',(5.52185335941168,9.,6.93889390390723E-18));
#790=CARTESIAN_POINT('',(5.54299074671892,9.,3.46944695195361E-18));
#791=CARTESIAN_POINT('',(5.56412341317344,9.,0.0492072866947716));
#792=CARTESIAN_POINT('',(5.5746897464007,9.,0.0489679381009371));
#793=CARTESIAN_POINT('',(5.58525503308695,9.,0.0486787333596399));
#794=CARTESIAN_POINT('',(5.56412341317344,9.,3.46944695195361E-18));
#795=CARTESIAN_POINT('',(5.5746897464007,9.,3.46944695195361E-18));
#796=CARTESIAN_POINT('',(5.58525503308695,9.,3.46944695195361E-18));
#797=CARTESIAN_POINT('',(5.59581889313288,9.,0.0483462151606938));
#798=CARTESIAN_POINT('',(5.60638275317881,9.,0.0480136969617478));
#799=CARTESIAN_POINT('',(5.61694522754278,9.,0.0476379632067453));
#800=CARTESIAN_POINT('',(5.59581889313288,9.,6.93889390390723E-18));
#801=CARTESIAN_POINT('',(5.60638275317881,9.,6.93889390390723E-18));
#802=CARTESIAN_POINT('',(5.61694522754278,9.,6.93889390390723E-18));
#803=CARTESIAN_POINT('',(5.62750615881373,9.,0.0472222706014794));
#804=CARTESIAN_POINT('',(5.64862802135563,9.,0.0463908853909476));
#805=CARTESIAN_POINT('',(5.66974359260208,9.,0.045405221480493));
#806=CARTESIAN_POINT('',(5.62750615881373,9.,1.04083408558608E-17));
#807=CARTESIAN_POINT('',(5.64862802135563,9.,1.04083408558608E-17));
#808=CARTESIAN_POINT('',(5.66974359260208,9.,-3.46944695195361E-18));
#809=CARTESIAN_POINT('',(5.69085233187656,9.,0.0442892746712831));
#810=CARTESIAN_POINT('',(5.73306981042553,9.,0.0420573810528632));
#811=CARTESIAN_POINT('',(5.77525969971848,9.,0.0393223243818351));
#812=CARTESIAN_POINT('',(5.69085233187656,9.,1.04083408558608E-17));
#813=CARTESIAN_POINT('',(5.73306981042553,9.,3.81639164714898E-17));
#814=CARTESIAN_POINT('',(5.77525969971848,9.,2.77555756156289E-17));
#815=CARTESIAN_POINT('',(5.81742243239273,9.,0.0362256134377468));
#816=CARTESIAN_POINT('',(5.85958516506698,9.,0.0331289024936584));
#817=CARTESIAN_POINT('',(5.90172107708052,9.,0.0296714592072998));
#818=CARTESIAN_POINT('',(5.81742243239273,9.,1.04083408558608E-17));
#819=CARTESIAN_POINT('',(5.85958516506698,9.,-6.93889390390723E-18));
#820=CARTESIAN_POINT('',(5.90172107708052,9.,3.64291929955129E-17));
#821=CARTESIAN_POINT('',(5.94383089488155,9.,0.0259234035354789));
#822=CARTESIAN_POINT('',(5.98594071268258,9.,0.022175347863658));
#823=CARTESIAN_POINT('',(6.02802460283659,9.,0.0181369225108157));
#824=CARTESIAN_POINT('',(5.94383089488155,9.,2.77555756156289E-17));
#825=CARTESIAN_POINT('',(5.98594071268258,9.,2.25514051876985E-17));
#826=CARTESIAN_POINT('',(6.02802460283659,9.,-1.56125112837913E-17));
#827=CARTESIAN_POINT('',(6.07007995358769,9.,0.013820588995431));
#828=CARTESIAN_POINT('',(6.11213530433879,9.,0.00950425548004627));
#829=CARTESIAN_POINT('',(6.15416221937112,9.,0.0049097014591745));
#830=CARTESIAN_POINT('',(6.19615242270663,9.,0.));
#831=CARTESIAN_POINT('',(6.07007995358769,9.,3.55618312575245E-17));
#832=CARTESIAN_POINT('',(6.11213530433879,9.,8.23993651088983E-17));
#833=CARTESIAN_POINT('',(6.15416221937112,9.,5.09141340199193E-16));
#834=CARTESIAN_POINT('',(6.19615242270663,9.,0.));
#835=GEOMETRIC_SET('MDSCNVZAYE, WingGeom, 0',(#55,#250,#445,#640));
#836=GEOMETRICALLY_BOUNDED_SURFACE_SHAPE_REPRESENTATION('',(#835),#15);
#837=SHAPE_REPRESENTATION_RELATIONSHIP('','',#29,#836);
#838=B_SPLINE_SURFACE_WITH_KNOTS('Surf_MDSCNVZAYE, WingGeom, 1, 1, lower',1,3,((#839, #840, #841, #845, #846, #847, #851, #852, #853, #857, #858, #859, #863, #864, #865, #869, #870, #871, #875, #876, #877, #881, #882, #883, #887, #888, #889, #893, #894, #895, #899, #900, #901, #905, #906, #907, #911, #912, #913, #917, #918, #919, #923, #924, #925, #929, #930, #931, #935, #936, #937, #941, #942, #943, #947, #948, #949, #953, #954, #955, #959, #960, #961, #965, #966, #967, #971, #972, #973, #977, #978, #979, #983, #984, #985, #989, #990, #991, #995, #996, #997, #1001, #1002, #1003, #1007, #1008, #1009, #1013, #1014, #1015, #1019, #1020, #1021, #1025, #1026, #1027, #1028),(#842, #843, #844, #848, #849, #850, #854, #855, #856, #860, #861, #862, #866, #867, #868, #872, #873, #874, #878, #879, #880, #884, #885, #886, #890, #891, #892, #896, #897, #898, #902, #903, #904, #908, #909, #910, #914, #915, #916, #920, #921, #922, #926, #927, #928, #932, #933, #934, #938, #939, #940, #944, #945, #946, #950, #951, #952, #956, #957, #958, #962, #963, #964, #968, #969, #970, #974, #975, #976, #980, #981, #982, #986, #987, #988, #992, #993, #994, #998, #999, #1000, #1004, #1005, #1006, #1010, #1011, #1012, #1016, #1017, #1018, #1022, #1023, #1024, #1029, #1030, #1031, #1032)),.UNSPECIFIED.,.F.,.F.,.F.,(2,2),(4,3,3,3,3,3,3,3,3,3,3,3,3,3,3,3,3,3,3,3,3,3,3,3,3,3,3,3,3,3,3,3,4),(0.,1.),(0.,1.,2.,3.,4.,5.,6.,7.,8.,9.,10.,11.,12.,13.,14.,15.,16.,17.,18.,19.,20.,21.,22.,23.,24.,25.,26.,27.,28.,29.,30.,31.,32.),.PIECEWISE_BEZIER_KNOTS.);
#839=CARTESIAN_POINT('',(0.,0.,0.));
#840=CARTESIAN_POINT('',(0.,0.,-0.00263592816361227));
#841=CARTESIAN_POINT('',(0.000238014718646934,0.,-0.0052878525748684));
#842=CARTESIAN_POINT('',(5.19615242270663,-9.,0.));
#843=CARTESIAN_POINT('',(5.19615242270663,-9.,-0.000658982040903067));
#844=CARTESIAN_POINT('',(5.19621192638629,-9.,-0.0013219631437171));
#845=CARTESIAN_POINT('',(0.000707778045290952,0.,-0.00788968730146592));
#846=CARTESIAN_POINT('',(0.001177541371935,0.,-0.0104915220280636));
#847=CARTESIAN_POINT('',(0.00187737756323487,0.,-0.0130486115048137));
#848=CARTESIAN_POINT('',(5.19632936721795,-9.,-0.00197242182536648));
#849=CARTESIAN_POINT('',(5.19644680804961,-9.,-0.0026228805070159));
#850=CARTESIAN_POINT('',(5.19662176709744,-9.,-0.00326215287620342));
#851=CARTESIAN_POINT('',(0.0027755365398529,0.,-0.0155331941994884));
#852=CARTESIAN_POINT('',(0.0045718544930889,0.,-0.0205023595888376));
#853=CARTESIAN_POINT('',(0.00715953847291699,0.,-0.0251678866893166));
#854=CARTESIAN_POINT('',(5.19684630684159,-9.,-0.0038832985498721));
#855=CARTESIAN_POINT('',(5.1972953863299,-9.,-0.00512558989720941));
#856=CARTESIAN_POINT('',(5.19794230732486,-9.,-0.00629197167232914));
#857=CARTESIAN_POINT('',(0.0102191304807835,0.,-0.0294772106524956));
#858=CARTESIAN_POINT('',(0.0132787224886499,0.,-0.0337865346156745));
#859=CARTESIAN_POINT('',(0.0168048676284163,0.,-0.0377524393208389));
#860=CARTESIAN_POINT('',(5.19870720532683,-9.,-0.00736930266312391));
#861=CARTESIAN_POINT('',(5.19947210332879,-9.,-0.00844663365391864));
#862=CARTESIAN_POINT('',(5.20035363961373,-9.,-0.00943810983020972));
#863=CARTESIAN_POINT('',(0.0205969527973929,0.,-0.0414342462740968));
#864=CARTESIAN_POINT('',(0.0243890379663697,0.,-0.0451160532273548));
#865=CARTESIAN_POINT('',(0.0284467101258068,0.,-0.0485179472692377));
#866=CARTESIAN_POINT('',(5.20130166090598,-9.,-0.0103585615685242));
#867=CARTESIAN_POINT('',(5.20224968219822,-9.,-0.0112790133068387));
#868=CARTESIAN_POINT('',(5.20326410023808,-9.,-0.0121294868173094));
#869=CARTESIAN_POINT('',(0.0326590343540779,0.,-0.0517080390017645));
#870=CARTESIAN_POINT('',(0.036871358582349,0.,-0.0548981307342912));
#871=CARTESIAN_POINT('',(0.0412475603508211,0.,-0.0578712919272422));
#872=CARTESIAN_POINT('',(5.20431718129515,-9.,-0.0129270097504411));
#873=CARTESIAN_POINT('',(5.20537026235222,-9.,-0.0137245326835728));
#874=CARTESIAN_POINT('',(5.20646431279434,-9.,-0.0144678229818105));
#875=CARTESIAN_POINT('',(0.0457246023485594,0.,-0.0606799165167118));
#876=CARTESIAN_POINT('',(0.0502016443462975,0.,-0.0634885411061813));
#877=CARTESIAN_POINT('',(0.0547795107229188,0.,-0.0661336073747244));
#878=CARTESIAN_POINT('',(5.20758357329377,-9.,-0.0151699791291779));
#879=CARTESIAN_POINT('',(5.2087028337932,-9.,-0.0158721352765453));
#880=CARTESIAN_POINT('',(5.20984730038736,-9.,-0.0165334018436811));
#881=CARTESIAN_POINT('',(0.0594280510152236,0.,-0.0686476458056644));
#882=CARTESIAN_POINT('',(0.0687251315998333,0.,-0.0736757226675443));
#883=CARTESIAN_POINT('',(0.0782974176091616,0.,-0.0781848372845858));
#884=CARTESIAN_POINT('',(5.21100943546044,-9.,-0.0171619114514161));
#885=CARTESIAN_POINT('',(5.21333370560659,-9.,-0.0184189306668861));
#886=CARTESIAN_POINT('',(5.21572677710892,-9.,-0.0195462093211465));
#887=CARTESIAN_POINT('',(0.0880052644549103,0.,-0.0823615471631974));
#888=CARTESIAN_POINT('',(0.0928591878777845,0.,-0.0844499021025032));
#889=CARTESIAN_POINT('',(0.0977532782223409,0.,-0.0864468635804593));
#890=CARTESIAN_POINT('',(5.21815373882036,-9.,-0.0205903867907994));
#891=CARTESIAN_POINT('',(5.21936721967608,-9.,-0.0211124755256258));
#892=CARTESIAN_POINT('',(5.22059074226222,-9.,-0.0216117158951148));
#893=CARTESIAN_POINT('',(0.102675250949665,0.,-0.088371125778887));
#894=CARTESIAN_POINT('',(0.10759722367699,0.,-0.0902953879773148));
#895=CARTESIAN_POINT('',(0.11254678967041,0.,-0.0921480868531078));
#896=CARTESIAN_POINT('',(5.22182123544405,-9.,-0.0220927814447218));
#897=CARTESIAN_POINT('',(5.22305172862588,-9.,-0.0225738469943287));
#898=CARTESIAN_POINT('',(5.22428912012423,-9.,-0.023037021713277));
#899=CARTESIAN_POINT('',(0.117520426472553,0.,-0.0939349279163718));
#900=CARTESIAN_POINT('',(0.127467700076837,0.,-0.0975086100428998));
#901=CARTESIAN_POINT('',(0.137500752653319,0.,-0.100838378257107));
#902=CARTESIAN_POINT('',(5.22553252932477,-9.,-0.023483731979093));
#903=CARTESIAN_POINT('',(5.22801934772584,-9.,-0.024377152510725));
#904=CARTESIAN_POINT('',(5.23052761086996,-9.,-0.0252095945642768));
#905=CARTESIAN_POINT('',(0.147595783753437,0.,-0.103969802249552));
#906=CARTESIAN_POINT('',(0.157690814853556,0.,-0.107101226241997));
#907=CARTESIAN_POINT('',(0.167845776970001,0.,-0.110038646260541));
#908=CARTESIAN_POINT('',(5.23305136864499,-9.,-0.025992450562388));
#909=CARTESIAN_POINT('',(5.23557512642002,-9.,-0.0267753065604992));
#910=CARTESIAN_POINT('',(5.23811386694913,-9.,-0.0275096615651353));
#911=CARTESIAN_POINT('',(0.178038979372235,0.,-0.112830298089744));
#912=CARTESIAN_POINT('',(0.188232181774469,0.,-0.115621949918947));
#913=CARTESIAN_POINT('',(0.198470121531055,0.,-0.118253145382691));
#914=CARTESIAN_POINT('',(5.24066216754969,-9.,-0.028207574522436));
#915=CARTESIAN_POINT('',(5.24321046815025,-9.,-0.0289054874797367));
#916=CARTESIAN_POINT('',(5.24576995308939,-9.,-0.0295632863456726));
#917=CARTESIAN_POINT('',(0.208738539598334,0.,-0.120757703074309));
#918=CARTESIAN_POINT('',(0.229275375732893,0.,-0.125766818457545));
#919=CARTESIAN_POINT('',(0.249930403222561,0.,-0.130280813779361));
#920=CARTESIAN_POINT('',(5.24833705760621,-9.,-0.0301894257685772));
#921=CARTESIAN_POINT('',(5.25347126663985,-9.,-0.0314417046143863));
#922=CARTESIAN_POINT('',(5.25863502351227,-9.,-0.0325702034448401));
#923=CARTESIAN_POINT('',(0.270659792333056,0.,-0.134421204444871));
#924=CARTESIAN_POINT('',(0.291389181443551,0.,-0.13856159511038));
#925=CARTESIAN_POINT('',(0.312188094781325,0.,-0.142343830462614));
#926=CARTESIAN_POINT('',(5.26381737078989,-9.,-0.0336053011112176));
#927=CARTESIAN_POINT('',(5.26899971806752,-9.,-0.0346403987775951));
#928=CARTESIAN_POINT('',(5.27419944640196,-9.,-0.0355859576156534));
#929=CARTESIAN_POINT('',(0.333037668856637,0.,-0.145828886235796));
#930=CARTESIAN_POINT('',(0.353887242931949,0.,-0.149313942008978));
#931=CARTESIAN_POINT('',(0.374782681555555,0.,-0.15251801364349));
#932=CARTESIAN_POINT('',(5.27941183992079,-9.,-0.0364572215589489));
#933=CARTESIAN_POINT('',(5.28462423343962,-9.,-0.0373284855022444));
#934=CARTESIAN_POINT('',(5.28984809309552,-9.,-0.0381295034108724));
#935=CARTESIAN_POINT('',(0.395710904848884,0.,-0.155488664627504));
#936=CARTESIAN_POINT('',(0.406175016495548,0.,-0.156973990119511));
#937=CARTESIAN_POINT('',(0.41664884963494,0.,-0.158395207601523));
#938=CARTESIAN_POINT('',(5.29508014891885,-9.,-0.038872166156876));
#939=CARTESIAN_POINT('',(5.29769617683052,-9.,-0.0392434975298778));
#940=CARTESIAN_POINT('',(5.30031463511536,-9.,-0.0395988019003808));
#941=CARTESIAN_POINT('',(0.427128491934734,0.,-0.159767579180384));
#942=CARTESIAN_POINT('',(0.437608134234528,0.,-0.161139950759245));
#943=CARTESIAN_POINT('',(0.448094252729444,0.,-0.162460661853026));
#944=CARTESIAN_POINT('',(5.30293454569031,-9.,-0.0399418947950961));
#945=CARTESIAN_POINT('',(5.30555445626526,-9.,-0.0402849876898113));
#946=CARTESIAN_POINT('',(5.30817598588899,-9.,-0.0406151654632564));
#947=CARTESIAN_POINT('',(0.458587327281502,0.,-0.163728106021995));
#948=CARTESIAN_POINT('',(0.500559625489732,0.,-0.168797882697871));
#949=CARTESIAN_POINT('',(0.542622200790001,0.,-0.173097278644068));
#950=CARTESIAN_POINT('',(5.31079925452701,-9.,-0.0409320265054987));
#951=CARTESIAN_POINT('',(5.32129232907906,-9.,-0.0421994706744677));
#952=CARTESIAN_POINT('',(5.33180797290413,-9.,-0.0432743196610169));
#953=CARTESIAN_POINT('',(0.584735162786028,0.,-0.176810880101674));
#954=CARTESIAN_POINT('',(0.626848124782054,0.,-0.18052448155928));
#955=CARTESIAN_POINT('',(0.66901294352103,0.,-0.183644403428879));
#956=CARTESIAN_POINT('',(5.34233621340314,-9.,-0.0442027200254184));
#957=CARTESIAN_POINT('',(5.35286445390214,-9.,-0.04513112038982));
#958=CARTESIAN_POINT('',(5.36340565858689,-9.,-0.0459111008572198));
#959=CARTESIAN_POINT('',(0.711206103708011,0.,-0.186298366540975));
#960=CARTESIAN_POINT('',(0.795592424081973,0.,-0.191606292765166));
#961=CARTESIAN_POINT('',(0.880091556558636,0.,-0.195043574769135));
#962=CARTESIAN_POINT('',(5.37395394863363,-9.,-0.0465745916352437));
#963=CARTESIAN_POINT('',(5.39505052872712,-9.,-0.0479015731912915));
#964=CARTESIAN_POINT('',(5.41617531184629,-9.,-0.0487608936922839));
#965=CARTESIAN_POINT('',(0.964615541458837,0.,-0.197205613838636));
#966=CARTESIAN_POINT('',(0.985746537683887,0.,-0.197746123606011));
#967=CARTESIAN_POINT('',(1.00688057465403,0.,-0.198196062986483));
#968=CARTESIAN_POINT('',(5.43730630807134,-9.,-0.049301403459659));
#969=CARTESIAN_POINT('',(5.4425890571276,-9.,-0.0494365309015028));
#970=CARTESIAN_POINT('',(5.44787256637014,-9.,-0.0495490157466206));
#971=CARTESIAN_POINT('',(1.02801551623768,0.,-0.198573216034621));
#972=CARTESIAN_POINT('',(1.04915045782132,0.,-0.198950369082759));
#973=CARTESIAN_POINT('',(1.07028613882443,0.,-0.199255896341465));
#974=CARTESIAN_POINT('',(5.45315630176605,-9.,-0.0496433040086552));
#975=CARTESIAN_POINT('',(5.45844003716196,-9.,-0.0497375922706898));
#976=CARTESIAN_POINT('',(5.46372395741274,-9.,-0.0498139740853663));
#977=CARTESIAN_POINT('',(1.0914232910664,0.,-0.199483740289347));
#978=CARTESIAN_POINT('',(1.13369759555034,0.,-0.19993942818511));
#979=CARTESIAN_POINT('',(1.17597420806748,0.,-0.200116088739253));
#980=CARTESIAN_POINT('',(5.46900824547323,-9.,-0.0498709350723367));
#981=CARTESIAN_POINT('',(5.47957682159421,-9.,-0.0499848570462775));
#982=CARTESIAN_POINT('',(5.4901459747235,-9.,-0.0500290221848133));
#983=CARTESIAN_POINT('',(1.21825072098505,0.,-0.200039310046605));
#984=CARTESIAN_POINT('',(1.30280374682018,0.,-0.19988575266131));
#985=CARTESIAN_POINT('',(1.38735329604916,0.,-0.198743935529762));
#986=CARTESIAN_POINT('',(5.50071510295289,-9.,-0.0500098275116514));
#987=CARTESIAN_POINT('',(5.52185335941168,-9.,-0.0499714381653274));
#988=CARTESIAN_POINT('',(5.54299074671892,-9.,-0.0496859838824406));
#989=CARTESIAN_POINT('',(1.47188396186723,0.,-0.196829146779086));
#990=CARTESIAN_POINT('',(1.51414929477627,0.,-0.195871752403748));
#991=CARTESIAN_POINT('',(1.55641044152127,0.,-0.19471493343856));
#992=CARTESIAN_POINT('',(5.56412341317344,-9.,-0.0492072866947716));
#993=CARTESIAN_POINT('',(5.5746897464007,-9.,-0.0489679381009371));
#994=CARTESIAN_POINT('',(5.58525503308695,-9.,-0.0486787333596399));
#995=CARTESIAN_POINT('',(1.598665881705,0.,-0.193384860642775));
#996=CARTESIAN_POINT('',(1.64092132188872,0.,-0.192054787846991));
#997=CARTESIAN_POINT('',(1.68317121934461,0.,-0.190551852826981));
#998=CARTESIAN_POINT('',(5.59581889313288,-9.,-0.0483462151606938));
#999=CARTESIAN_POINT('',(5.60638275317881,-9.,-0.0480136969617477));
#1000=CARTESIAN_POINT('',(5.61694522754278,-9.,-0.0476379632067453));
#1001=CARTESIAN_POINT('',(1.7254149444284,0.,-0.188889082405917));
#1002=CARTESIAN_POINT('',(1.80990239459599,0.,-0.18556354156379));
#1003=CARTESIAN_POINT('',(1.89436467958179,0.,-0.181620885921972));
#1004=CARTESIAN_POINT('',(5.62750615881373,-9.,-0.0472222706014794));
#1005=CARTESIAN_POINT('',(5.64862802135563,-9.,-0.0463908853909476));
#1006=CARTESIAN_POINT('',(5.66974359260208,-9.,-0.045405221480493));
#1007=CARTESIAN_POINT('',(1.97879963667972,0.,-0.177157098685132));
#1008=CARTESIAN_POINT('',(2.14766955087559,0.,-0.168229524211453));
#1009=CARTESIAN_POINT('',(2.31642910804741,0.,-0.15728929752734));
#1010=CARTESIAN_POINT('',(5.69085233187656,-9.,-0.0442892746712831));
#1011=CARTESIAN_POINT('',(5.73306981042553,-9.,-0.0420573810528632));
#1012=CARTESIAN_POINT('',(5.77525969971848,-9.,-0.039322324381835));
#1013=CARTESIAN_POINT('',(2.4850800387444,0.,-0.144902453750987));
#1014=CARTESIAN_POINT('',(2.65373096944138,0.,-0.132515609974634));
#1015=CARTESIAN_POINT('',(2.82227461749555,0.,-0.118685836829199));
#1016=CARTESIAN_POINT('',(5.81742243239273,-9.,-0.0362256134377468));
#1017=CARTESIAN_POINT('',(5.85958516506698,-9.,-0.0331289024936585));
#1018=CARTESIAN_POINT('',(5.90172107708052,-9.,-0.0296714592072998));
#1019=CARTESIAN_POINT('',(2.99071388869967,0.,-0.103693614141915));
#1020=CARTESIAN_POINT('',(3.1591531599038,0.,-0.0887013914546319));
#1021=CARTESIAN_POINT('',(3.32748872051985,0.,-0.0725476900432628));
#1022=CARTESIAN_POINT('',(5.94383089488155,-9.,-0.0259234035354789));
#1023=CARTESIAN_POINT('',(5.98594071268258,-9.,-0.022175347863658));
#1024=CARTESIAN_POINT('',(6.02802460283659,-9.,-0.0181369225108157));
#1025=CARTESIAN_POINT('',(3.49571012352424,0.,-0.0552823559817236));
#1026=CARTESIAN_POINT('',(3.66393152652863,0.,-0.0380170219201844));
#1027=CARTESIAN_POINT('',(3.83203918665794,0.,-0.0196388058366939));
#1028=CARTESIAN_POINT('',(4.,0.,0.));
#1029=CARTESIAN_POINT('',(6.07007995358769,-9.,-0.0138205889954309));
#1030=CARTESIAN_POINT('',(6.11213530433879,-9.,-0.0095042554800461));
#1031=CARTESIAN_POINT('',(6.15416221937112,-9.,-0.00490970145917348));
#1032=CARTESIAN_POINT('',(6.19615242270663,-9.,0.));
#1033=B_SPLINE_SURFACE_WITH_KNOTS('Surf_MDSCNVZAYE, WingGeom, 1, 4, upper',1,3,((#1034, #1035, #1036, #1040, #1041, #1042, #1046, #1047, #1048, #1052, #1053, #1054, #1058, #1059, #1060, #1064, #1065, #1066, #1070, #1071, #1072, #1076, #1077, #1078, #1082, #1083, #1084, #1088, #1089, #1090, #1094, #1095, #1096, #1100, #1101, #1102, #1106, #1107, #1108, #1112, #1113, #1114, #1118, #1119, #1120, #1124, #1125, #1126, #1130, #1131, #1132, #1136, #1137, #1138, #1142, #1143, #1144, #1148, #1149, #1150, #1154, #1155, #1156, #1160, #1161, #1162, #1166, #1167, #1168, #1172, #1173, #1174, #1178, #1179, #1180, #1184, #1185, #1186, #1190, #1191, #1192, #1196, #1197, #1198, #1202, #1203, #1204, #1208, #1209, #1210, #1214, #1215, #1216, #1220, #1221, #1222, #1223),(#1037, #1038, #1039, #1043, #1044, #1045, #1049, #1050, #1051, #1055, #1056, #1057, #1061, #1062, #1063, #1067, #1068, #1069, #1073, #1074, #1075, #1079, #1080, #1081, #1085, #1086, #1087, #1091, #1092, #1093, #1097, #1098, #1099, #1103, #1104, #1105, #1109, #1110, #1111, #1115, #1116, #1117, #1121, #1122, #1123, #1127, #1128, #1129, #1133, #1134, #1135, #1139, #1140, #1141, #1145, #1146, #1147, #1151, #1152, #1153, #1157, #1158, #1159, #1163, #1164, #1165, #1169, #1170, #1171, #1175, #1176, #1177, #1181, #1182, #1183, #1187, #1188, #1189, #1193, #1194, #1195, #1199, #1200, #1201, #1205, #1206, #1207, #1211, #1212, #1213, #1217, #1218, #1219, #1224, #1225, #1226, #1227)),.UNSPECIFIED.,.F.,.F.,.F.,(2,2),(4,3,3,3,3,3,3,3,3,3,3,3,3,3,3,3,3,3,3,3,3,3,3,3,3,3,3,3,3,3,3,3,4),(0.,1.),(0.,1.,2.,3.,4.,5.,6.,7.,8.,9.,10.,11.,12.,13.,14.,15.,16.,17.,18.,19.,20.,21.,22.,23.,24.,25.,26.,27.,28.,29.,30.,31.,32.),.PIECEWISE_BEZIER_KNOTS.);
#1034=CARTESIAN_POINT('',(4.,0.,0.));
#1035=CARTESIAN_POINT('',(3.83203918665797,0.,0.019638805836698));
#1036=CARTESIAN_POINT('',(3.66393152652863,0.,0.0380170219201851));
#1037=CARTESIAN_POINT('',(6.19615242270663,-9.,0.));
#1038=CARTESIAN_POINT('',(6.15416221937112,-9.,0.0049097014591745));
#1039=CARTESIAN_POINT('',(6.11213530433879,-9.,0.00950425548004627));
#1040=CARTESIAN_POINT('',(3.49571012352424,0.,0.0552823559817239));
#1041=CARTESIAN_POINT('',(3.32748872051985,0.,0.0725476900432627));
#1042=CARTESIAN_POINT('',(3.1591531599038,0.,0.0887013914546321));
#1043=CARTESIAN_POINT('',(6.07007995358769,-9.,0.013820588995431));
#1044=CARTESIAN_POINT('',(6.02802460283659,-9.,0.0181369225108157));
#1045=CARTESIAN_POINT('',(5.98594071268258,-9.,0.022175347863658));
#1046=CARTESIAN_POINT('',(2.99071388869967,0.,0.103693614141916));
#1047=CARTESIAN_POINT('',(2.82227461749555,0.,0.118685836829199));
#1048=CARTESIAN_POINT('',(2.65373096944138,0.,0.132515609974634));
#1049=CARTESIAN_POINT('',(5.94383089488155,-9.,0.0259234035354789));
#1050=CARTESIAN_POINT('',(5.90172107708052,-9.,0.0296714592072998));
#1051=CARTESIAN_POINT('',(5.85958516506698,-9.,0.0331289024936584));
#1052=CARTESIAN_POINT('',(2.4850800387444,0.,0.144902453750987));
#1053=CARTESIAN_POINT('',(2.31642910804741,0.,0.15728929752734));
#1054=CARTESIAN_POINT('',(2.14766955087558,0.,0.168229524211453));
#1055=CARTESIAN_POINT('',(5.81742243239273,-9.,0.0362256134377468));
#1056=CARTESIAN_POINT('',(5.77525969971848,-9.,0.0393223243818351));
#1057=CARTESIAN_POINT('',(5.73306981042553,-9.,0.0420573810528632));
#1058=CARTESIAN_POINT('',(1.97879963667972,0.,0.177157098685132));
#1059=CARTESIAN_POINT('',(1.89436467958179,0.,0.181620885921972));
#1060=CARTESIAN_POINT('',(1.80990239459599,0.,0.18556354156379));
#1061=CARTESIAN_POINT('',(5.69085233187656,-9.,0.0442892746712831));
#1062=CARTESIAN_POINT('',(5.66974359260208,-9.,0.045405221480493));
#1063=CARTESIAN_POINT('',(5.64862802135563,-9.,0.0463908853909476));
#1064=CARTESIAN_POINT('',(1.7254149444284,0.,0.188889082405918));
#1065=CARTESIAN_POINT('',(1.6831712193446,0.,0.190551852826981));
#1066=CARTESIAN_POINT('',(1.64092132188872,0.,0.192054787846991));
#1067=CARTESIAN_POINT('',(5.62750615881373,-9.,0.0472222706014794));
#1068=CARTESIAN_POINT('',(5.61694522754278,-9.,0.0476379632067453));
#1069=CARTESIAN_POINT('',(5.60638275317881,-9.,0.0480136969617478));
#1070=CARTESIAN_POINT('',(1.59866588170499,0.,0.193384860642775));
#1071=CARTESIAN_POINT('',(1.55641044152127,0.,0.19471493343856));
#1072=CARTESIAN_POINT('',(1.51414929477626,0.,0.195871752403748));
#1073=CARTESIAN_POINT('',(5.59581889313288,-9.,0.0483462151606938));
#1074=CARTESIAN_POINT('',(5.58525503308695,-9.,0.0486787333596399));
#1075=CARTESIAN_POINT('',(5.5746897464007,-9.,0.0489679381009371));
#1076=CARTESIAN_POINT('',(1.47188396186723,0.,0.196829146779086));
#1077=CARTESIAN_POINT('',(1.38735329604916,0.,0.198743935529762));
#1078=CARTESIAN_POINT('',(1.30280374682018,0.,0.19988575266131));
#1079=CARTESIAN_POINT('',(5.56412341317344,-9.,0.0492072866947716));
#1080=CARTESIAN_POINT('',(5.54299074671892,-9.,0.0496859838824406));
#1081=CARTESIAN_POINT('',(5.52185335941167,-9.,0.0499714381653274));
#1082=CARTESIAN_POINT('',(1.21825072098504,0.,0.200039310046605));
#1083=CARTESIAN_POINT('',(1.17597420806748,0.,0.200116088739253));
#1084=CARTESIAN_POINT('',(1.13369759555034,0.,0.19993942818511));
#1085=CARTESIAN_POINT('',(5.50071510295289,-9.,0.0500098275116514));
#1086=CARTESIAN_POINT('',(5.4901459747235,-9.,0.0500290221848133));
#1087=CARTESIAN_POINT('',(5.47957682159421,-9.,0.0499848570462775));
#1088=CARTESIAN_POINT('',(1.0914232910664,0.,0.199483740289347));
#1089=CARTESIAN_POINT('',(1.07028613882443,0.,0.199255896341465));
#1090=CARTESIAN_POINT('',(1.04915045782132,0.,0.198950369082759));
#1091=CARTESIAN_POINT('',(5.46900824547323,-9.,0.0498709350723367));
#1092=CARTESIAN_POINT('',(5.46372395741274,-9.,0.0498139740853663));
#1093=CARTESIAN_POINT('',(5.45844003716196,-9.,0.0497375922706898));
#1094=CARTESIAN_POINT('',(1.02801551623767,0.,0.198573216034621));
#1095=CARTESIAN_POINT('',(1.00688057465403,0.,0.198196062986483));
#1096=CARTESIAN_POINT('',(0.985746537683885,0.,0.197746123606011));
#1097=CARTESIAN_POINT('',(5.45315630176605,-9.,0.0496433040086552));
#1098=CARTESIAN_POINT('',(5.44787256637014,-9.,0.0495490157466206));
#1099=CARTESIAN_POINT('',(5.4425890571276,-9.,0.0494365309015028));
#1100=CARTESIAN_POINT('',(0.964615541458834,0.,0.197205613838636));
#1101=CARTESIAN_POINT('',(0.880091556558634,0.,0.195043574769135));
#1102=CARTESIAN_POINT('',(0.795592424081972,0.,0.191606292765166));
#1103=CARTESIAN_POINT('',(5.43730630807134,-9.,0.049301403459659));
#1104=CARTESIAN_POINT('',(5.41617531184629,-9.,0.0487608936922838));
#1105=CARTESIAN_POINT('',(5.39505052872712,-9.,0.0479015731912915));
#1106=CARTESIAN_POINT('',(0.711206103708009,0.,0.186298366540975));
#1107=CARTESIAN_POINT('',(0.669012943521027,0.,0.183644403428879));
#1108=CARTESIAN_POINT('',(0.626848124782052,0.,0.18052448155928));
#1109=CARTESIAN_POINT('',(5.37395394863363,-9.,0.0465745916352436));
#1110=CARTESIAN_POINT('',(5.36340565858689,-9.,0.0459111008572197));
#1111=CARTESIAN_POINT('',(5.35286445390214,-9.,0.0451311203898199));
#1112=CARTESIAN_POINT('',(0.584735162786026,0.,0.176810880101674));
#1113=CARTESIAN_POINT('',(0.54262220079,0.,0.173097278644068));
#1114=CARTESIAN_POINT('',(0.500559625489731,0.,0.168797882697871));
#1115=CARTESIAN_POINT('',(5.34233621340314,-9.,0.0442027200254184));
#1116=CARTESIAN_POINT('',(5.33180797290413,-9.,0.0432743196610169));
#1117=CARTESIAN_POINT('',(5.32129232907906,-9.,0.0421994706744677));
#1118=CARTESIAN_POINT('',(0.458587327281501,0.,0.163728106021995));
#1119=CARTESIAN_POINT('',(0.448094252729443,0.,0.162460661853026));
#1120=CARTESIAN_POINT('',(0.437608134234527,0.,0.161139950759245));
#1121=CARTESIAN_POINT('',(5.31079925452701,-9.,0.0409320265054986));
#1122=CARTESIAN_POINT('',(5.30817598588899,-9.,0.0406151654632564));
#1123=CARTESIAN_POINT('',(5.30555445626526,-9.,0.0402849876898113));
#1124=CARTESIAN_POINT('',(0.427128491934733,0.,0.159767579180384));
#1125=CARTESIAN_POINT('',(0.416648849634939,0.,0.158395207601523));
#1126=CARTESIAN_POINT('',(0.406175016495547,0.,0.156973990119511));
#1127=CARTESIAN_POINT('',(5.30293454569031,-9.,0.039941894795096));
#1128=CARTESIAN_POINT('',(5.30031463511536,-9.,0.0395988019003807));
#1129=CARTESIAN_POINT('',(5.29769617683052,-9.,0.0392434975298778));
#1130=CARTESIAN_POINT('',(0.395710904848882,0.,0.155488664627504));
#1131=CARTESIAN_POINT('',(0.374782681555554,0.,0.15251801364349));
#1132=CARTESIAN_POINT('',(0.353887242931947,0.,0.149313942008977));
#1133=CARTESIAN_POINT('',(5.29508014891885,-9.,0.038872166156876));
#1134=CARTESIAN_POINT('',(5.28984809309552,-9.,0.0381295034108724));
#1135=CARTESIAN_POINT('',(5.28462423343962,-9.,0.0373284855022443));
#1136=CARTESIAN_POINT('',(0.333037668856635,0.,0.145828886235795));
#1137=CARTESIAN_POINT('',(0.312188094781324,0.,0.142343830462613));
#1138=CARTESIAN_POINT('',(0.29138918144355,0.,0.13856159511038));
#1139=CARTESIAN_POINT('',(5.27941183992079,-9.,0.0364572215589488));
#1140=CARTESIAN_POINT('',(5.27419944640196,-9.,0.0355859576156533));
#1141=CARTESIAN_POINT('',(5.26899971806752,-9.,0.0346403987775951));
#1142=CARTESIAN_POINT('',(0.270659792333055,0.,0.13442120444487));
#1143=CARTESIAN_POINT('',(0.24993040322256,0.,0.13028081377936));
#1144=CARTESIAN_POINT('',(0.229275375732891,0.,0.125766818457545));
#1145=CARTESIAN_POINT('',(5.26381737078989,-9.,0.0336053011112176));
#1146=CARTESIAN_POINT('',(5.25863502351227,-9.,0.0325702034448401));
#1147=CARTESIAN_POINT('',(5.25347126663985,-9.,0.0314417046143862));
#1148=CARTESIAN_POINT('',(0.208738539598332,0.,0.120757703074308));
#1149=CARTESIAN_POINT('',(0.198470121531052,0.,0.11825314538269));
#1150=CARTESIAN_POINT('',(0.188232181774467,0.,0.115621949918946));
#1151=CARTESIAN_POINT('',(5.24833705760621,-9.,0.0301894257685771));
#1152=CARTESIAN_POINT('',(5.24576995308939,-9.,0.0295632863456725));
#1153=CARTESIAN_POINT('',(5.24321046815025,-9.,0.0289054874797366));
#1154=CARTESIAN_POINT('',(0.178038979372234,0.,0.112830298089744));
#1155=CARTESIAN_POINT('',(0.16784577697,0.,0.110038646260541));
#1156=CARTESIAN_POINT('',(0.157690814853555,0.,0.107101226241997));
#1157=CARTESIAN_POINT('',(5.24066216754969,-9.,0.0282075745224359));
#1158=CARTESIAN_POINT('',(5.23811386694913,-9.,0.0275096615651352));
#1159=CARTESIAN_POINT('',(5.23557512642002,-9.,0.0267753065604992));
#1160=CARTESIAN_POINT('',(0.147595783753437,0.,0.103969802249552));
#1161=CARTESIAN_POINT('',(0.137500752653319,0.,0.100838378257107));
#1162=CARTESIAN_POINT('',(0.127467700076838,0.,0.0975086100429002));
#1163=CARTESIAN_POINT('',(5.23305136864499,-9.,0.025992450562388));
#1164=CARTESIAN_POINT('',(5.23052761086996,-9.,0.0252095945642768));
#1165=CARTESIAN_POINT('',(5.22801934772584,-9.,0.024377152510725));
#1166=CARTESIAN_POINT('',(0.117520426472553,0.,0.0939349279163719));
#1167=CARTESIAN_POINT('',(0.11254678967041,0.,0.0921480868531078));
#1168=CARTESIAN_POINT('',(0.10759722367699,0.,0.0902953879773149));
#1169=CARTESIAN_POINT('',(5.22553252932477,-9.,0.023483731979093));
#1170=CARTESIAN_POINT('',(5.22428912012423,-9.,0.023037021713277));
#1171=CARTESIAN_POINT('',(5.22305172862588,-9.,0.0225738469943287));
#1172=CARTESIAN_POINT('',(0.102675250949666,0.,0.0883711257788872));
#1173=CARTESIAN_POINT('',(0.0977532782223414,0.,0.0864468635804595));
#1174=CARTESIAN_POINT('',(0.0928591878777841,0.,0.084449902102503));
#1175=CARTESIAN_POINT('',(5.22182123544405,-9.,0.0220927814447218));
#1176=CARTESIAN_POINT('',(5.22059074226222,-9.,0.0216117158951149));
#1177=CARTESIAN_POINT('',(5.21936721967608,-9.,0.0211124755256257));
#1178=CARTESIAN_POINT('',(0.0880052644549095,0.,0.0823615471631971));
#1179=CARTESIAN_POINT('',(0.0782974176091601,0.,0.0781848372845852));
#1180=CARTESIAN_POINT('',(0.068725131599833,0.,0.0736757226675442));
#1181=CARTESIAN_POINT('',(5.21815373882036,-9.,0.0205903867907993));
#1182=CARTESIAN_POINT('',(5.21572677710892,-9.,0.0195462093211463));
#1183=CARTESIAN_POINT('',(5.21333370560659,-9.,0.018418930666886));
#1184=CARTESIAN_POINT('',(0.0594280510152227,0.,0.0686476458056639));
#1185=CARTESIAN_POINT('',(0.0547795107229174,0.,0.0661336073747236));
#1186=CARTESIAN_POINT('',(0.0502016443462973,0.,0.0634885411061812));
#1187=CARTESIAN_POINT('',(5.21100943546044,-9.,0.017161911451416));
#1188=CARTESIAN_POINT('',(5.20984730038736,-9.,0.0165334018436809));
#1189=CARTESIAN_POINT('',(5.2087028337932,-9.,0.0158721352765453));
#1190=CARTESIAN_POINT('',(0.0457246023485584,0.,0.0606799165167112));
#1191=CARTESIAN_POINT('',(0.0412475603508197,0.,0.0578712919272413));
#1192=CARTESIAN_POINT('',(0.0368713585823476,0.,0.0548981307342902));
#1193=CARTESIAN_POINT('',(5.20758357329377,-9.,0.0151699791291778));
#1194=CARTESIAN_POINT('',(5.20646431279433,-9.,0.0144678229818103));
#1195=CARTESIAN_POINT('',(5.20537026235222,-9.,0.0137245326835725));
#1196=CARTESIAN_POINT('',(0.0326590343540782,0.,0.0517080390017647));
#1197=CARTESIAN_POINT('',(0.0284467101258088,0.,0.0485179472692392));
#1198=CARTESIAN_POINT('',(0.0243890379663692,0.,0.0451160532273544));
#1199=CARTESIAN_POINT('',(5.20431718129515,-9.,0.0129270097504412));
#1200=CARTESIAN_POINT('',(5.20326410023808,-9.,0.0121294868173098));
#1201=CARTESIAN_POINT('',(5.20224968219822,-9.,0.0112790133068386));
#1202=CARTESIAN_POINT('',(0.0205969527973926,0.,0.0414342462740964));
#1203=CARTESIAN_POINT('',(0.0168048676284159,0.,0.0377524393208384));
#1204=CARTESIAN_POINT('',(0.0132787224886499,0.,0.0337865346156746));
#1205=CARTESIAN_POINT('',(5.20130166090598,-9.,0.0103585615685241));
#1206=CARTESIAN_POINT('',(5.20035363961373,-9.,0.00943810983020961));
#1207=CARTESIAN_POINT('',(5.19947210332879,-9.,0.00844663365391865));
#1208=CARTESIAN_POINT('',(0.0102191304807829,0.,0.0294772106524948));
#1209=CARTESIAN_POINT('',(0.00715953847291604,0.,0.025167886689315));
#1210=CARTESIAN_POINT('',(0.00457185449308852,0.,0.0205023595888364));
#1211=CARTESIAN_POINT('',(5.19870720532683,-9.,0.00736930266312371));
#1212=CARTESIAN_POINT('',(5.19794230732486,-9.,0.00629197167232876));
#1213=CARTESIAN_POINT('',(5.1972953863299,-9.,0.00512558989720911));
#1214=CARTESIAN_POINT('',(0.00277553653985289,0.,0.0155331941994883));
#1215=CARTESIAN_POINT('',(0.00187737756323497,0.,0.013048611504814));
#1216=CARTESIAN_POINT('',(0.00117754137193474,0.,0.0104915220280624));
#1217=CARTESIAN_POINT('',(5.19684630684159,-9.,0.00388329854987209));
#1218=CARTESIAN_POINT('',(5.19662176709744,-9.,0.00326215287620351));
#1219=CARTESIAN_POINT('',(5.19644680804961,-9.,0.00262288050701559));
#1220=CARTESIAN_POINT('',(0.00070777804529085,0.,0.00788968730146536));
#1221=CARTESIAN_POINT('',(0.000238014718647015,0.,0.00528785257486866));
#1222=CARTESIAN_POINT('',(0.,0.,0.00263592816361227));
#1223=CARTESIAN_POINT('',(0.,0.,0.));
#1224=CARTESIAN_POINT('',(5.19632936721795,-9.,0.00197242182536634));
#1225=CARTESIAN_POINT('',(5.19621192638629,-9.,0.00132196314371717));
#1226=CARTESIAN_POINT('',(5.19615242270663,-9.,0.000658982040903067));
#1227=CARTESIAN_POINT('',(5.19615242270663,-9.,0.));
#1228=B_SPLINE_SURFACE_WITH_KNOTS('Surf_MDSCNVZAYE, WingGeom, 1, 7, lower',1,3,((#1229, #1230, #1231, #1235, #1236, #1237, #1241, #1242, #1243, #1247, #1248, #1249, #1253, #1254, #1255, #1259, #1260, #1261, #1265, #1266, #1267, #1271, #1272, #1273, #1277, #1278, #1279, #1283, #1284, #1285, #1289, #1290, #1291, #1295, #1296, #1297, #1301, #1302, #1303, #1307, #1308, #1309, #1313, #1314, #1315, #1319, #1320, #1321, #1325, #1326, #1327, #1331, #1332, #1333, #1337, #1338, #1339, #1343, #1344, #1345, #1349, #1350, #1351, #1355, #1356, #1357, #1361, #1362, #1363, #1367, #1368, #1369, #1373, #1374, #1375, #1379, #1380, #1381, #1385, #1386, #1387, #1391, #1392, #1393, #1397, #1398, #1399, #1403, #1404, #1405, #1409, #1410, #1411, #1415, #1416, #1417, #1418),(#1232, #1233, #1234, #1238, #1239, #1240, #1244, #1245, #1246, #1250, #1251, #1252, #1256, #1257, #1258, #1262, #1263, #1264, #1268, #1269, #1270, #1274, #1275, #1276, #1280, #1281, #1282, #1286, #1287, #1288, #1292, #1293, #1294, #1298, #1299, #1300, #1304, #1305, #1306, #1310, #1311, #1312, #1316, #1317, #1318, #1322, #1323, #1324, #1328, #1329, #1330, #1334, #1335, #1336, #1340, #1341, #1342, #1346, #1347, #1348, #1352, #1353, #1354, #1358, #1359, #1360, #1364, #1365, #1366, #1370, #1371, #1372, #1376, #1377, #1378, #1382, #1383, #1384, #1388, #1389, #1390, #1394, #1395, #1396, #1400, #1401, #1402, #1406, #1407, #1408, #1412, #1413, #1414, #1419, #1420, #1421, #1422)),.UNSPECIFIED.,.F.,.F.,.F.,(2,2),(4,3,3,3,3,3,3,3,3,3,3,3,3,3,3,3,3,3,3,3,3,3,3,3,3,3,3,3,3,3,3,3,4),(0.,1.),(0.,1.,2.,3.,4.,5.,6.,7.,8.,9.,10.,11.,12.,13.,14.,15.,16.,17.,18.,19.,20.,21.,22.,23.,24.,25.,26.,27.,28.,29.,30.,31.,32.),.PIECEWISE_BEZIER_KNOTS.);
#1229=CARTESIAN_POINT('',(5.19615242270663,-9.,0.));
#1230=CARTESIAN_POINT('',(5.19615242270663,-9.,-0.000658982040903067));
#1231=CARTESIAN_POINT('',(5.19621192638629,-9.,-0.0013219631437171));
#1232=CARTESIAN_POINT('',(5.19615242270663,-9.,0.));
#1233=CARTESIAN_POINT('',(5.19615242270663,-9.,0.));
#1234=CARTESIAN_POINT('',(5.19621192638629,-9.,3.26344853918137E-17));
#1235=CARTESIAN_POINT('',(5.19632936721795,-9.,-0.00197242182536648));
#1236=CARTESIAN_POINT('',(5.19644680804961,-9.,-0.0026228805070159));
#1237=CARTESIAN_POINT('',(5.19662176709744,-9.,-0.00326215287620342));
#1238=CARTESIAN_POINT('',(5.19632936721795,-9.,-7.06899816460549E-17));
#1239=CARTESIAN_POINT('',(5.19644680804961,-9.,-1.55474591534421E-16));
#1240=CARTESIAN_POINT('',(5.19662176709744,-9.,4.20670442924376E-17));
#1241=CARTESIAN_POINT('',(5.19684630684159,-9.,-0.0038832985498721));
#1242=CARTESIAN_POINT('',(5.1972953863299,-9.,-0.00512558989720941));
#1243=CARTESIAN_POINT('',(5.19794230732486,-9.,-0.00629197167232914));
#1244=CARTESIAN_POINT('',(5.19684630684159,-9.,-4.33680868994202E-18));
#1245=CARTESIAN_POINT('',(5.1972953863299,-9.,-1.50053580671994E-16));
#1246=CARTESIAN_POINT('',(5.19794230732486,-9.,-1.8995222061946E-16));
#1247=CARTESIAN_POINT('',(5.19870720532683,-9.,-0.00736930266312391));
#1248=CARTESIAN_POINT('',(5.19947210332879,-9.,-0.00844663365391864));
#1249=CARTESIAN_POINT('',(5.20035363961373,-9.,-0.00943810983020972));
#1250=CARTESIAN_POINT('',(5.19870720532683,-9.,-9.8879238130678E-17));
#1251=CARTESIAN_POINT('',(5.19947210332879,-9.,7.80625564189563E-18));
#1252=CARTESIAN_POINT('',(5.20035363961373,-9.,-5.55111512312578E-17));
#1253=CARTESIAN_POINT('',(5.20130166090598,-9.,-0.0103585615685242));
#1254=CARTESIAN_POINT('',(5.20224968219822,-9.,-0.0112790133068387));
#1255=CARTESIAN_POINT('',(5.20326410023808,-9.,-0.0121294868173094));
#1256=CARTESIAN_POINT('',(5.20130166090598,-9.,-4.5102810375397E-17));
#1257=CARTESIAN_POINT('',(5.20224968219822,-9.,-4.85722573273506E-17));
#1258=CARTESIAN_POINT('',(5.20326410023808,-9.,1.8995222061946E-16));
#1259=CARTESIAN_POINT('',(5.20431718129515,-9.,-0.0129270097504411));
#1260=CARTESIAN_POINT('',(5.20537026235222,-9.,-0.0137245326835728));
#1261=CARTESIAN_POINT('',(5.20646431279434,-9.,-0.0144678229818105));
#1262=CARTESIAN_POINT('',(5.20431718129515,-9.,2.77555756156289E-17));
#1263=CARTESIAN_POINT('',(5.20537026235222,-9.,-1.34441069388203E-16));
#1264=CARTESIAN_POINT('',(5.20646431279433,-9.,-1.11889664200504E-16));
#1265=CARTESIAN_POINT('',(5.20758357329377,-9.,-0.0151699791291779));
#1266=CARTESIAN_POINT('',(5.2087028337932,-9.,-0.0158721352765453));
#1267=CARTESIAN_POINT('',(5.20984730038736,-9.,-0.0165334018436811));
#1268=CARTESIAN_POINT('',(5.20758357329377,-9.,-7.63278329429795E-17));
#1269=CARTESIAN_POINT('',(5.2087028337932,-9.,-1.04083408558608E-17));
#1270=CARTESIAN_POINT('',(5.20984730038736,-9.,-1.00613961606655E-16));
#1271=CARTESIAN_POINT('',(5.21100943546044,-9.,-0.0171619114514161));
#1272=CARTESIAN_POINT('',(5.21333370560659,-9.,-0.0184189306668861));
#1273=CARTESIAN_POINT('',(5.21572677710892,-9.,-0.0195462093211465));
#1274=CARTESIAN_POINT('',(5.21100943546044,-9.,-6.07153216591882E-17));
#1275=CARTESIAN_POINT('',(5.21333370560659,-9.,-1.73472347597681E-17));
#1276=CARTESIAN_POINT('',(5.21572677710892,-9.,-8.32667268468867E-17));
#1277=CARTESIAN_POINT('',(5.21815373882036,-9.,-0.0205903867907994));
#1278=CARTESIAN_POINT('',(5.21936721967608,-9.,-0.0211124755256258));
#1279=CARTESIAN_POINT('',(5.22059074226222,-9.,-0.0216117158951148));
#1280=CARTESIAN_POINT('',(5.21815373882036,-9.,-4.5102810375397E-17));
#1281=CARTESIAN_POINT('',(5.21936721967608,-9.,-2.60208521396521E-17));
#1282=CARTESIAN_POINT('',(5.22059074226222,-9.,2.60208521396521E-17));
#1283=CARTESIAN_POINT('',(5.22182123544405,-9.,-0.0220927814447218));
#1284=CARTESIAN_POINT('',(5.22305172862588,-9.,-0.0225738469943287));
#1285=CARTESIAN_POINT('',(5.22428912012423,-9.,-0.023037021713277));
#1286=CARTESIAN_POINT('',(5.22182123544405,-9.,2.25514051876985E-17));
#1287=CARTESIAN_POINT('',(5.22305172862588,-9.,1.21430643318376E-17));
#1288=CARTESIAN_POINT('',(5.22428912012423,-9.,3.46944695195361E-18));
#1289=CARTESIAN_POINT('',(5.22553252932477,-9.,-0.023483731979093));
#1290=CARTESIAN_POINT('',(5.22801934772584,-9.,-0.024377152510725));
#1291=CARTESIAN_POINT('',(5.23052761086996,-9.,-0.0252095945642768));
#1292=CARTESIAN_POINT('',(5.22553252932477,-9.,1.04083408558608E-17));
#1293=CARTESIAN_POINT('',(5.22801934772584,-9.,4.33680868994202E-17));
#1294=CARTESIAN_POINT('',(5.23052761086996,-9.,0.));
#1295=CARTESIAN_POINT('',(5.23305136864499,-9.,-0.025992450562388));
#1296=CARTESIAN_POINT('',(5.23557512642002,-9.,-0.0267753065604992));
#1297=CARTESIAN_POINT('',(5.23811386694913,-9.,-0.0275096615651353));
#1298=CARTESIAN_POINT('',(5.23305136864499,-9.,-5.20417042793042E-18));
#1299=CARTESIAN_POINT('',(5.23557512642002,-9.,-1.56125112837913E-17));
#1300=CARTESIAN_POINT('',(5.23811386694913,-9.,-3.12250225675825E-17));
#1301=CARTESIAN_POINT('',(5.24066216754969,-9.,-0.028207574522436));
#1302=CARTESIAN_POINT('',(5.24321046815025,-9.,-0.0289054874797367));
#1303=CARTESIAN_POINT('',(5.24576995308939,-9.,-0.0295632863456726));
#1304=CARTESIAN_POINT('',(5.24066216754969,-9.,-3.98986399474666E-17));
#1305=CARTESIAN_POINT('',(5.24321046815025,-9.,-5.3776427755281E-17));
#1306=CARTESIAN_POINT('',(5.24576995308939,-9.,-7.11236625150491E-17));
#1307=CARTESIAN_POINT('',(5.24833705760621,-9.,-0.0301894257685772));
#1308=CARTESIAN_POINT('',(5.25347126663985,-9.,-0.0314417046143863));
#1309=CARTESIAN_POINT('',(5.25863502351227,-9.,-0.0325702034448401));
#1310=CARTESIAN_POINT('',(5.24833705760621,-9.,-6.59194920871187E-17));
#1311=CARTESIAN_POINT('',(5.25347126663985,-9.,-4.16333634234434E-17));
#1312=CARTESIAN_POINT('',(5.25863502351227,-9.,-4.5102810375397E-17));
#1313=CARTESIAN_POINT('',(5.26381737078989,-9.,-0.0336053011112176));
#1314=CARTESIAN_POINT('',(5.26899971806752,-9.,-0.0346403987775951));
#1315=CARTESIAN_POINT('',(5.27419944640196,-9.,-0.0355859576156534));
#1316=CARTESIAN_POINT('',(5.26381737078989,-9.,-3.12250225675825E-17));
#1317=CARTESIAN_POINT('',(5.26899971806752,-9.,-2.42861286636753E-17));
#1318=CARTESIAN_POINT('',(5.27419944640196,-9.,-3.81639164714898E-17));
#1319=CARTESIAN_POINT('',(5.27941183992079,-9.,-0.0364572215589489));
#1320=CARTESIAN_POINT('',(5.28462423343962,-9.,-0.0373284855022444));
#1321=CARTESIAN_POINT('',(5.28984809309552,-9.,-0.0381295034108724));
#1322=CARTESIAN_POINT('',(5.27941183992079,-9.,-4.16333634234434E-17));
#1323=CARTESIAN_POINT('',(5.28462423343962,-9.,-4.85722573273506E-17));
#1324=CARTESIAN_POINT('',(5.28984809309552,-9.,-3.46944695195361E-18));
#1325=CARTESIAN_POINT('',(5.29508014891885,-9.,-0.038872166156876));
#1326=CARTESIAN_POINT('',(5.29769617683052,-9.,-0.0392434975298778));
#1327=CARTESIAN_POINT('',(5.30031463511536,-9.,-0.0395988019003808));
#1328=CARTESIAN_POINT('',(5.29508014891885,-9.,-1.73472347597681E-17));
#1329=CARTESIAN_POINT('',(5.29769617683052,-9.,-1.73472347597681E-17));
#1330=CARTESIAN_POINT('',(5.30031463511536,-9.,-3.12250225675825E-17));
#1331=CARTESIAN_POINT('',(5.30293454569031,-9.,-0.0399418947950961));
#1332=CARTESIAN_POINT('',(5.30555445626526,-9.,-0.0402849876898113));
#1333=CARTESIAN_POINT('',(5.30817598588899,-9.,-0.0406151654632564));
#1334=CARTESIAN_POINT('',(5.30293454569031,-9.,-3.12250225675825E-17));
#1335=CARTESIAN_POINT('',(5.30555445626526,-9.,-3.46944695195361E-17));
#1336=CARTESIAN_POINT('',(5.30817598588899,-9.,-1.73472347597681E-17));
#1337=CARTESIAN_POINT('',(5.31079925452701,-9.,-0.0409320265054987));
#1338=CARTESIAN_POINT('',(5.32129232907906,-9.,-0.0421994706744677));
#1339=CARTESIAN_POINT('',(5.33180797290413,-9.,-0.0432743196610169));
#1340=CARTESIAN_POINT('',(5.31079925452701,-9.,-1.38777878078145E-17));
#1341=CARTESIAN_POINT('',(5.32129232907906,-9.,3.46944695195361E-18));
#1342=CARTESIAN_POINT('',(5.33180797290413,-9.,-6.93889390390723E-18));
#1343=CARTESIAN_POINT('',(5.34233621340314,-9.,-0.0442027200254184));
#1344=CARTESIAN_POINT('',(5.35286445390214,-9.,-0.04513112038982));
#1345=CARTESIAN_POINT('',(5.36340565858689,-9.,-0.0459111008572198));
#1346=CARTESIAN_POINT('',(5.34233621340314,-9.,-1.38777878078145E-17));
#1347=CARTESIAN_POINT('',(5.35286445390214,-9.,-1.73472347597681E-17));
#1348=CARTESIAN_POINT('',(5.36340565858689,-9.,-3.46944695195361E-17));
#1349=CARTESIAN_POINT('',(5.37395394863363,-9.,-0.0465745916352437));
#1350=CARTESIAN_POINT('',(5.39505052872712,-9.,-0.0479015731912915));
#1351=CARTESIAN_POINT('',(5.41617531184629,-9.,-0.0487608936922839));
#1352=CARTESIAN_POINT('',(5.37395394863363,-9.,-2.42861286636753E-17));
#1353=CARTESIAN_POINT('',(5.39505052872712,-9.,-1.04083408558608E-17));
#1354=CARTESIAN_POINT('',(5.41617531184629,-9.,-1.38777878078145E-17));
#1355=CARTESIAN_POINT('',(5.43730630807134,-9.,-0.049301403459659));
#1356=CARTESIAN_POINT('',(5.4425890571276,-9.,-0.0494365309015028));
#1357=CARTESIAN_POINT('',(5.44787256637014,-9.,-0.0495490157466206));
#1358=CARTESIAN_POINT('',(5.43730630807134,-9.,-1.04083408558608E-17));
#1359=CARTESIAN_POINT('',(5.4425890571276,-9.,-1.04083408558608E-17));
#1360=CARTESIAN_POINT('',(5.44787256637014,-9.,-3.46944695195361E-18));
#1361=CARTESIAN_POINT('',(5.45315630176605,-9.,-0.0496433040086552));
#1362=CARTESIAN_POINT('',(5.45844003716196,-9.,-0.0497375922706898));
#1363=CARTESIAN_POINT('',(5.46372395741274,-9.,-0.0498139740853663));
#1364=CARTESIAN_POINT('',(5.45315630176605,-9.,-3.46944695195361E-18));
#1365=CARTESIAN_POINT('',(5.45844003716196,-9.,-3.46944695195361E-18));
#1366=CARTESIAN_POINT('',(5.46372395741274,-9.,6.93889390390723E-18));
#1367=CARTESIAN_POINT('',(5.46900824547323,-9.,-0.0498709350723367));
#1368=CARTESIAN_POINT('',(5.47957682159421,-9.,-0.0499848570462775));
#1369=CARTESIAN_POINT('',(5.4901459747235,-9.,-0.0500290221848133));
#1370=CARTESIAN_POINT('',(5.46900824547323,-9.,6.93889390390723E-18));
#1371=CARTESIAN_POINT('',(5.47957682159421,-9.,1.04083408558608E-17));
#1372=CARTESIAN_POINT('',(5.4901459747235,-9.,0.));
#1373=CARTESIAN_POINT('',(5.50071510295289,-9.,-0.0500098275116514));
#1374=CARTESIAN_POINT('',(5.52185335941168,-9.,-0.0499714381653274));
#1375=CARTESIAN_POINT('',(5.54299074671892,-9.,-0.0496859838824406));
#1376=CARTESIAN_POINT('',(5.50071510295289,-9.,3.46944695195361E-18));
#1377=CARTESIAN_POINT('',(5.52185335941168,-9.,6.93889390390723E-18));
#1378=CARTESIAN_POINT('',(5.54299074671892,-9.,3.46944695195361E-18));
#1379=CARTESIAN_POINT('',(5.56412341317344,-9.,-0.0492072866947716));
#1380=CARTESIAN_POINT('',(5.5746897464007,-9.,-0.0489679381009371));
#1381=CARTESIAN_POINT('',(5.58525503308695,-9.,-0.0486787333596399));
#1382=CARTESIAN_POINT('',(5.56412341317344,-9.,3.46944695195361E-18));
#1383=CARTESIAN_POINT('',(5.5746897464007,-9.,3.46944695195361E-18));
#1384=CARTESIAN_POINT('',(5.58525503308695,-9.,3.46944695195361E-18));
#1385=CARTESIAN_POINT('',(5.59581889313288,-9.,-0.0483462151606938));
#1386=CARTESIAN_POINT('',(5.60638275317881,-9.,-0.0480136969617477));
#1387=CARTESIAN_POINT('',(5.61694522754278,-9.,-0.0476379632067453));
#1388=CARTESIAN_POINT('',(5.59581889313288,-9.,6.93889390390723E-18));
#1389=CARTESIAN_POINT('',(5.60638275317881,-9.,6.93889390390723E-18));
#1390=CARTESIAN_POINT('',(5.61694522754278,-9.,6.93889390390723E-18));
#1391=CARTESIAN_POINT('',(5.62750615881373,-9.,-0.0472222706014794));
#1392=CARTESIAN_POINT('',(5.64862802135563,-9.,-0.0463908853909476));
#1393=CARTESIAN_POINT('',(5.66974359260208,-9.,-0.045405221480493));
#1394=CARTESIAN_POINT('',(5.62750615881373,-9.,1.04083408558608E-17));
#1395=CARTESIAN_POINT('',(5.64862802135563,-9.,1.04083408558608E-17));
#1396=CARTESIAN_POINT('',(5.66974359260208,-9.,-3.46944695195361E-18));
#1397=CARTESIAN_POINT('',(5.69085233187656,-9.,-0.0442892746712831));
#1398=CARTESIAN_POINT('',(5.73306981042553,-9.,-0.0420573810528632));
#1399=CARTESIAN_POINT('',(5.77525969971848,-9.,-0.039322324381835));
#1400=CARTESIAN_POINT('',(5.69085233187656,-9.,1.04083408558608E-17));
#1401=CARTESIAN_POINT('',(5.73306981042553,-9.,3.81639164714898E-17));
#1402=CARTESIAN_POINT('',(5.77525969971848,-9.,2.77555756156289E-17));
#1403=CARTESIAN_POINT('',(5.81742243239273,-9.,-0.0362256134377468));
#1404=CARTESIAN_POINT('',(5.85958516506698,-9.,-0.0331289024936585));
#1405=CARTESIAN_POINT('',(5.90172107708052,-9.,-0.0296714592072998));
#1406=CARTESIAN_POINT('',(5.81742243239273,-9.,1.04083408558608E-17));
#1407=CARTESIAN_POINT('',(5.85958516506698,-9.,-6.93889390390723E-18));
#1408=CARTESIAN_POINT('',(5.90172107708052,-9.,3.64291929955129E-17));
#1409=CARTESIAN_POINT('',(5.94383089488155,-9.,-0.0259234035354789));
#1410=CARTESIAN_POINT('',(5.98594071268258,-9.,-0.022175347863658));
#1411=CARTESIAN_POINT('',(6.02802460283659,-9.,-0.0181369225108157));
#1412=CARTESIAN_POINT('',(5.94383089488155,-9.,2.77555756156289E-17));
#1413=CARTESIAN_POINT('',(5.98594071268258,-9.,2.25514051876985E-17));
#1414=CARTESIAN_POINT('',(6.02802460283659,-9.,-1.56125112837913E-17));
#1415=CARTESIAN_POINT('',(6.07007995358769,-9.,-0.0138205889954309));
#1416=CARTESIAN_POINT('',(6.11213530433879,-9.,-0.0095042554800461));
#1417=CARTESIAN_POINT('',(6.15416221937112,-9.,-0.00490970145917348));
#1418=CARTESIAN_POINT('',(6.19615242270663,-9.,0.));
#1419=CARTESIAN_POINT('',(6.07007995358769,-9.,3.55618312575245E-17));
#1420=CARTESIAN_POINT('',(6.11213530433879,-9.,8.23993651088983E-17));
#1421=CARTESIAN_POINT('',(6.15416221937112,-9.,5.09141340199193E-16));
#1422=CARTESIAN_POINT('',(6.19615242270663,-9.,0.));
#1423=B_SPLINE_SURFACE_WITH_KNOTS('Surf_MDSCNVZAYE, WingGeom, 1, 10, upper',1,3,((#1424, #1425, #1426, #1430, #1431, #1432, #1436, #1437, #1438, #1442, #1443, #1444, #1448, #1449, #1450, #1454, #1455, #1456, #1460, #1461, #1462, #1466, #1467, #1468, #1472, #1473, #1474, #1478, #1479, #1480, #1484, #1485, #1486, #1490, #1491, #1492, #1496, #1497, #1498, #1502, #1503, #1504, #1508, #1509, #1510, #1514, #1515, #1516, #1520, #1521, #1522, #1526, #1527, #1528, #1532, #1533, #1534, #1538, #1539, #1540, #1544, #1545, #1546, #1550, #1551, #1552, #1556, #1557, #1558, #1562, #1563, #1564, #1568, #1569, #1570, #1574, #1575, #1576, #1580, #1581, #1582, #1586, #1587, #1588, #1592, #1593, #1594, #1598, #1599, #1600, #1604, #1605, #1606, #1610, #1611, #1612, #1613),(#1427, #1428, #1429, #1433, #1434, #1435, #1439, #1440, #1441, #1445, #1446, #1447, #1451, #1452, #1453, #1457, #1458, #1459, #1463, #1464, #1465, #1469, #1470, #1471, #1475, #1476, #1477, #1481, #1482, #1483, #1487, #1488, #1489, #1493, #1494, #1495, #1499, #1500, #1501, #1505, #1506, #1507, #1511, #1512, #1513, #1517, #1518, #1519, #1523, #1524, #1525, #1529, #1530, #1531, #1535, #1536, #1537, #1541, #1542, #1543, #1547, #1548, #1549, #1553, #1554, #1555, #1559, #1560, #1561, #1565, #1566, #1567, #1571, #1572, #1573, #1577, #1578, #1579, #1583, #1584, #1585, #1589, #1590, #1591, #1595, #1596, #1597, #1601, #1602, #1603, #1607, #1608, #1609, #1614, #1615, #1616, #1617)),.UNSPECIFIED.,.F.,.F.,.F.,(2,2),(4,3,3,3,3,3,3,3,3,3,3,3,3,3,3,3,3,3,3,3,3,3,3,3,3,3,3,3,3,3,3,3,4),(0.,1.),(0.,1.,2.,3.,4.,5.,6.,7.,8.,9.,10.,11.,12.,13.,14.,15.,16.,17.,18.,19.,20.,21.,22.,23.,24.,25.,26.,27.,28.,29.,30.,31.,32.),.PIECEWISE_BEZIER_KNOTS.);
#1424=CARTESIAN_POINT('',(6.19615242270663,-9.,0.));
#1425=CARTESIAN_POINT('',(6.15416221937112,-9.,0.0049097014591745));
#1426=CARTESIAN_POINT('',(6.11213530433879,-9.,0.00950425548004627));
#1427=CARTESIAN_POINT('',(6.19615242270663,-9.,0.));
#1428=CARTESIAN_POINT('',(6.15416221937112,-9.,5.09141340199193E-16));
#1429=CARTESIAN_POINT('',(6.11213530433879,-9.,8.23993651088983E-17));
#1430=CARTESIAN_POINT('',(6.07007995358769,-9.,0.013820588995431));
#1431=CARTESIAN_POINT('',(6.02802460283659,-9.,0.0181369225108157));
#1432=CARTESIAN_POINT('',(5.98594071268258,-9.,0.022175347863658));
#1433=CARTESIAN_POINT('',(6.07007995358769,-9.,3.55618312575245E-17));
#1434=CARTESIAN_POINT('',(6.02802460283659,-9.,-1.56125112837913E-17));
#1435=CARTESIAN_POINT('',(5.98594071268258,-9.,2.25514051876985E-17));
#1436=CARTESIAN_POINT('',(5.94383089488155,-9.,0.0259234035354789));
#1437=CARTESIAN_POINT('',(5.90172107708052,-9.,0.0296714592072998));
#1438=CARTESIAN_POINT('',(5.85958516506698,-9.,0.0331289024936584));
#1439=CARTESIAN_POINT('',(5.94383089488155,-9.,2.77555756156289E-17));
#1440=CARTESIAN_POINT('',(5.90172107708052,-9.,3.64291929955129E-17));
#1441=CARTESIAN_POINT('',(5.85958516506698,-9.,-6.93889390390723E-18));
#1442=CARTESIAN_POINT('',(5.81742243239273,-9.,0.0362256134377468));
#1443=CARTESIAN_POINT('',(5.77525969971848,-9.,0.0393223243818351));
#1444=CARTESIAN_POINT('',(5.73306981042553,-9.,0.0420573810528632));
#1445=CARTESIAN_POINT('',(5.81742243239273,-9.,1.04083408558608E-17));
#1446=CARTESIAN_POINT('',(5.77525969971848,-9.,2.77555756156289E-17));
#1447=CARTESIAN_POINT('',(5.73306981042553,-9.,3.81639164714898E-17));
#1448=CARTESIAN_POINT('',(5.69085233187656,-9.,0.0442892746712831));
#1449=CARTESIAN_POINT('',(5.66974359260208,-9.,0.045405221480493));
#1450=CARTESIAN_POINT('',(5.64862802135563,-9.,0.0463908853909476));
#1451=CARTESIAN_POINT('',(5.69085233187656,-9.,1.04083408558608E-17));
#1452=CARTESIAN_POINT('',(5.66974359260208,-9.,-3.46944695195361E-18));
#1453=CARTESIAN_POINT('',(5.64862802135563,-9.,1.04083408558608E-17));
#1454=CARTESIAN_POINT('',(5.62750615881373,-9.,0.0472222706014794));
#1455=CARTESIAN_POINT('',(5.61694522754278,-9.,0.0476379632067453));
#1456=CARTESIAN_POINT('',(5.60638275317881,-9.,0.0480136969617478));
#1457=CARTESIAN_POINT('',(5.62750615881373,-9.,1.04083408558608E-17));
#1458=CARTESIAN_POINT('',(5.61694522754278,-9.,6.93889390390723E-18));
#1459=CARTESIAN_POINT('',(5.60638275317881,-9.,6.93889390390723E-18));
#1460=CARTESIAN_POINT('',(5.59581889313288,-9.,0.0483462151606938));
#1461=CARTESIAN_POINT('',(5.58525503308695,-9.,0.0486787333596399));
#1462=CARTESIAN_POINT('',(5.5746897464007,-9.,0.0489679381009371));
#1463=CARTESIAN_POINT('',(5.59581889313288,-9.,6.93889390390723E-18));
#1464=CARTESIAN_POINT('',(5.58525503308695,-9.,3.46944695195361E-18));
#1465=CARTESIAN_POINT('',(5.5746897464007,-9.,3.46944695195361E-18));
#1466=CARTESIAN_POINT('',(5.56412341317344,-9.,0.0492072866947716));
#1467=CARTESIAN_POINT('',(5.54299074671892,-9.,0.0496859838824406));
#1468=CARTESIAN_POINT('',(5.52185335941167,-9.,0.0499714381653274));
#1469=CARTESIAN_POINT('',(5.56412341317344,-9.,3.46944695195361E-18));
#1470=CARTESIAN_POINT('',(5.54299074671892,-9.,3.46944695195361E-18));
#1471=CARTESIAN_POINT('',(5.52185335941168,-9.,6.93889390390723E-18));
#1472=CARTESIAN_POINT('',(5.50071510295289,-9.,0.0500098275116514));
#1473=CARTESIAN_POINT('',(5.4901459747235,-9.,0.0500290221848133));
#1474=CARTESIAN_POINT('',(5.47957682159421,-9.,0.0499848570462775));
#1475=CARTESIAN_POINT('',(5.50071510295289,-9.,3.46944695195361E-18));
#1476=CARTESIAN_POINT('',(5.4901459747235,-9.,0.));
#1477=CARTESIAN_POINT('',(5.47957682159421,-9.,1.04083408558608E-17));
#1478=CARTESIAN_POINT('',(5.46900824547323,-9.,0.0498709350723367));
#1479=CARTESIAN_POINT('',(5.46372395741274,-9.,0.0498139740853663));
#1480=CARTESIAN_POINT('',(5.45844003716196,-9.,0.0497375922706898));
#1481=CARTESIAN_POINT('',(5.46900824547323,-9.,6.93889390390723E-18));
#1482=CARTESIAN_POINT('',(5.46372395741274,-9.,6.93889390390723E-18));
#1483=CARTESIAN_POINT('',(5.45844003716196,-9.,-3.46944695195361E-18));
#1484=CARTESIAN_POINT('',(5.45315630176605,-9.,0.0496433040086552));
#1485=CARTESIAN_POINT('',(5.44787256637014,-9.,0.0495490157466206));
#1486=CARTESIAN_POINT('',(5.4425890571276,-9.,0.0494365309015028));
#1487=CARTESIAN_POINT('',(5.45315630176605,-9.,-3.46944695195361E-18));
#1488=CARTESIAN_POINT('',(5.44787256637014,-9.,-3.46944695195361E-18));
#1489=CARTESIAN_POINT('',(5.4425890571276,-9.,-1.04083408558608E-17));
#1490=CARTESIAN_POINT('',(5.43730630807134,-9.,0.049301403459659));
#1491=CARTESIAN_POINT('',(5.41617531184629,-9.,0.0487608936922838));
#1492=CARTESIAN_POINT('',(5.39505052872712,-9.,0.0479015731912915));
#1493=CARTESIAN_POINT('',(5.43730630807134,-9.,-1.04083408558608E-17));
#1494=CARTESIAN_POINT('',(5.41617531184629,-9.,-1.38777878078145E-17));
#1495=CARTESIAN_POINT('',(5.39505052872712,-9.,-1.04083408558608E-17));
#1496=CARTESIAN_POINT('',(5.37395394863363,-9.,0.0465745916352436));
#1497=CARTESIAN_POINT('',(5.36340565858689,-9.,0.0459111008572197));
#1498=CARTESIAN_POINT('',(5.35286445390214,-9.,0.0451311203898199));
#1499=CARTESIAN_POINT('',(5.37395394863363,-9.,-2.42861286636753E-17));
#1500=CARTESIAN_POINT('',(5.36340565858689,-9.,-3.46944695195361E-17));
#1501=CARTESIAN_POINT('',(5.35286445390214,-9.,-1.73472347597681E-17));
#1502=CARTESIAN_POINT('',(5.34233621340314,-9.,0.0442027200254184));
#1503=CARTESIAN_POINT('',(5.33180797290413,-9.,0.0432743196610169));
#1504=CARTESIAN_POINT('',(5.32129232907906,-9.,0.0421994706744677));
#1505=CARTESIAN_POINT('',(5.34233621340314,-9.,-1.38777878078145E-17));
#1506=CARTESIAN_POINT('',(5.33180797290413,-9.,-6.93889390390723E-18));
#1507=CARTESIAN_POINT('',(5.32129232907906,-9.,3.46944695195361E-18));
#1508=CARTESIAN_POINT('',(5.31079925452701,-9.,0.0409320265054986));
#1509=CARTESIAN_POINT('',(5.30817598588899,-9.,0.0406151654632564));
#1510=CARTESIAN_POINT('',(5.30555445626526,-9.,0.0402849876898113));
#1511=CARTESIAN_POINT('',(5.31079925452701,-9.,-1.38777878078145E-17));
#1512=CARTESIAN_POINT('',(5.30817598588899,-9.,-1.73472347597681E-17));
#1513=CARTESIAN_POINT('',(5.30555445626526,-9.,-3.46944695195361E-17));
#1514=CARTESIAN_POINT('',(5.30293454569031,-9.,0.039941894795096));
#1515=CARTESIAN_POINT('',(5.30031463511536,-9.,0.0395988019003807));
#1516=CARTESIAN_POINT('',(5.29769617683052,-9.,0.0392434975298778));
#1517=CARTESIAN_POINT('',(5.30293454569031,-9.,-3.12250225675825E-17));
#1518=CARTESIAN_POINT('',(5.30031463511536,-9.,-3.12250225675825E-17));
#1519=CARTESIAN_POINT('',(5.29769617683052,-9.,-1.73472347597681E-17));
#1520=CARTESIAN_POINT('',(5.29508014891885,-9.,0.038872166156876));
#1521=CARTESIAN_POINT('',(5.28984809309552,-9.,0.0381295034108724));
#1522=CARTESIAN_POINT('',(5.28462423343962,-9.,0.0373284855022443));
#1523=CARTESIAN_POINT('',(5.29508014891885,-9.,-1.73472347597681E-17));
#1524=CARTESIAN_POINT('',(5.28984809309552,-9.,-3.46944695195361E-18));
#1525=CARTESIAN_POINT('',(5.28462423343962,-9.,-4.85722573273506E-17));
#1526=CARTESIAN_POINT('',(5.27941183992079,-9.,0.0364572215589488));
#1527=CARTESIAN_POINT('',(5.27419944640196,-9.,0.0355859576156533));
#1528=CARTESIAN_POINT('',(5.26899971806752,-9.,0.0346403987775951));
#1529=CARTESIAN_POINT('',(5.27941183992079,-9.,-4.16333634234434E-17));
#1530=CARTESIAN_POINT('',(5.27419944640196,-9.,-3.81639164714898E-17));
#1531=CARTESIAN_POINT('',(5.26899971806752,-9.,-2.42861286636753E-17));
#1532=CARTESIAN_POINT('',(5.26381737078989,-9.,0.0336053011112176));
#1533=CARTESIAN_POINT('',(5.25863502351227,-9.,0.0325702034448401));
#1534=CARTESIAN_POINT('',(5.25347126663985,-9.,0.0314417046143862));
#1535=CARTESIAN_POINT('',(5.26381737078989,-9.,-3.12250225675825E-17));
#1536=CARTESIAN_POINT('',(5.25863502351227,-9.,-4.5102810375397E-17));
#1537=CARTESIAN_POINT('',(5.25347126663985,-9.,-4.16333634234434E-17));
#1538=CARTESIAN_POINT('',(5.24833705760621,-9.,0.0301894257685771));
#1539=CARTESIAN_POINT('',(5.24576995308939,-9.,0.0295632863456725));
#1540=CARTESIAN_POINT('',(5.24321046815025,-9.,0.0289054874797366));
#1541=CARTESIAN_POINT('',(5.24833705760621,-9.,-6.59194920871187E-17));
#1542=CARTESIAN_POINT('',(5.24576995308939,-9.,-7.11236625150491E-17));
#1543=CARTESIAN_POINT('',(5.24321046815025,-9.,-5.3776427755281E-17));
#1544=CARTESIAN_POINT('',(5.24066216754969,-9.,0.0282075745224359));
#1545=CARTESIAN_POINT('',(5.23811386694913,-9.,0.0275096615651352));
#1546=CARTESIAN_POINT('',(5.23557512642002,-9.,0.0267753065604992));
#1547=CARTESIAN_POINT('',(5.24066216754969,-9.,-3.98986399474666E-17));
#1548=CARTESIAN_POINT('',(5.23811386694913,-9.,-3.12250225675825E-17));
#1549=CARTESIAN_POINT('',(5.23557512642002,-9.,-1.56125112837913E-17));
#1550=CARTESIAN_POINT('',(5.23305136864499,-9.,0.025992450562388));
#1551=CARTESIAN_POINT('',(5.23052761086996,-9.,0.0252095945642768));
#1552=CARTESIAN_POINT('',(5.22801934772584,-9.,0.024377152510725));
#1553=CARTESIAN_POINT('',(5.23305136864499,-9.,-5.20417042793042E-18));
#1554=CARTESIAN_POINT('',(5.23052761086996,-9.,0.));
#1555=CARTESIAN_POINT('',(5.22801934772584,-9.,4.33680868994202E-17));
#1556=CARTESIAN_POINT('',(5.22553252932477,-9.,0.023483731979093));
#1557=CARTESIAN_POINT('',(5.22428912012423,-9.,0.023037021713277));
#1558=CARTESIAN_POINT('',(5.22305172862588,-9.,0.0225738469943287));
#1559=CARTESIAN_POINT('',(5.22553252932477,-9.,1.04083408558608E-17));
#1560=CARTESIAN_POINT('',(5.22428912012423,-9.,3.46944695195361E-18));
#1561=CARTESIAN_POINT('',(5.22305172862588,-9.,1.21430643318376E-17));
#1562=CARTESIAN_POINT('',(5.22182123544405,-9.,0.0220927814447218));
#1563=CARTESIAN_POINT('',(5.22059074226222,-9.,0.0216117158951149));
#1564=CARTESIAN_POINT('',(5.21936721967608,-9.,0.0211124755256257));
#1565=CARTESIAN_POINT('',(5.22182123544405,-9.,2.25514051876985E-17));
#1566=CARTESIAN_POINT('',(5.22059074226222,-9.,2.60208521396521E-17));
#1567=CARTESIAN_POINT('',(5.21936721967608,-9.,-2.60208521396521E-17));
#1568=CARTESIAN_POINT('',(5.21815373882036,-9.,0.0205903867907993));
#1569=CARTESIAN_POINT('',(5.21572677710892,-9.,0.0195462093211463));
#1570=CARTESIAN_POINT('',(5.21333370560659,-9.,0.018418930666886));
#1571=CARTESIAN_POINT('',(5.21815373882036,-9.,-4.5102810375397E-17));
#1572=CARTESIAN_POINT('',(5.21572677710892,-9.,-8.32667268468867E-17));
#1573=CARTESIAN_POINT('',(5.21333370560659,-9.,-1.73472347597681E-17));
#1574=CARTESIAN_POINT('',(5.21100943546044,-9.,0.017161911451416));
#1575=CARTESIAN_POINT('',(5.20984730038736,-9.,0.0165334018436809));
#1576=CARTESIAN_POINT('',(5.2087028337932,-9.,0.0158721352765453));
#1577=CARTESIAN_POINT('',(5.21100943546044,-9.,-6.07153216591882E-17));
#1578=CARTESIAN_POINT('',(5.20984730038736,-9.,-1.00613961606655E-16));
#1579=CARTESIAN_POINT('',(5.2087028337932,-9.,-1.04083408558608E-17));
#1580=CARTESIAN_POINT('',(5.20758357329377,-9.,0.0151699791291778));
#1581=CARTESIAN_POINT('',(5.20646431279433,-9.,0.0144678229818103));
#1582=CARTESIAN_POINT('',(5.20537026235222,-9.,0.0137245326835725));
#1583=CARTESIAN_POINT('',(5.20758357329377,-9.,-7.63278329429795E-17));
#1584=CARTESIAN_POINT('',(5.20646431279433,-9.,-1.11889664200504E-16));
#1585=CARTESIAN_POINT('',(5.20537026235222,-9.,-1.34441069388203E-16));
#1586=CARTESIAN_POINT('',(5.20431718129515,-9.,0.0129270097504412));
#1587=CARTESIAN_POINT('',(5.20326410023808,-9.,0.0121294868173098));
#1588=CARTESIAN_POINT('',(5.20224968219822,-9.,0.0112790133068386));
#1589=CARTESIAN_POINT('',(5.20431718129515,-9.,2.77555756156289E-17));
#1590=CARTESIAN_POINT('',(5.20326410023808,-9.,1.8995222061946E-16));
#1591=CARTESIAN_POINT('',(5.20224968219822,-9.,-4.85722573273506E-17));
#1592=CARTESIAN_POINT('',(5.20130166090598,-9.,0.0103585615685241));
#1593=CARTESIAN_POINT('',(5.20035363961373,-9.,0.00943810983020961));
#1594=CARTESIAN_POINT('',(5.19947210332879,-9.,0.00844663365391865));
#1595=CARTESIAN_POINT('',(5.20130166090598,-9.,-4.5102810375397E-17));
#1596=CARTESIAN_POINT('',(5.20035363961373,-9.,-5.55111512312578E-17));
#1597=CARTESIAN_POINT('',(5.19947210332879,-9.,7.80625564189563E-18));
#1598=CARTESIAN_POINT('',(5.19870720532683,-9.,0.00736930266312371));
#1599=CARTESIAN_POINT('',(5.19794230732486,-9.,0.00629197167232876));
#1600=CARTESIAN_POINT('',(5.1972953863299,-9.,0.00512558989720911));
#1601=CARTESIAN_POINT('',(5.19870720532683,-9.,-9.8879238130678E-17));
#1602=CARTESIAN_POINT('',(5.19794230732486,-9.,-1.8995222061946E-16));
#1603=CARTESIAN_POINT('',(5.1972953863299,-9.,-1.50053580671994E-16));
#1604=CARTESIAN_POINT('',(5.19684630684159,-9.,0.00388329854987209));
#1605=CARTESIAN_POINT('',(5.19662176709744,-9.,0.00326215287620351));
#1606=CARTESIAN_POINT('',(5.19644680804961,-9.,0.00262288050701559));
#1607=CARTESIAN_POINT('',(5.19684630684159,-9.,-4.33680868994202E-18));
#1608=CARTESIAN_POINT('',(5.19662176709744,-9.,4.20670442924376E-17));
#1609=CARTESIAN_POINT('',(5.19644680804961,-9.,-1.55474591534421E-16));
#1610=CARTESIAN_POINT('',(5.19632936721795,-9.,0.00197242182536634));
#1611=CARTESIAN_POINT('',(5.19621192638629,-9.,0.00132196314371717));
#1612=CARTESIAN_POINT('',(5.19615242270663,-9.,0.000658982040903067));
#1613=CARTESIAN_POINT('',(5.19615242270663,-9.,0.));
#1614=CARTESIAN_POINT('',(5.19632936721795,-9.,-7.06899816460549E-17));
#1615=CARTESIAN_POINT('',(5.19621192638629,-9.,3.26344853918137E-17));
#1616=CARTESIAN_POINT('',(5.19615242270663,-9.,0.));
#1617=CARTESIAN_POINT('',(5.19615242270663,-9.,0.));
#1618=GEOMETRIC_SET('MDSCNVZAYE, WingGeom, 1',(#838,#1033,#1228,#1423));
#1619=GEOMETRICALLY_BOUNDED_SURFACE_SHAPE_REPRESENTATION('',(#1618),#15);
#1620=SHAPE_REPRESENTATION_RELATIONSHIP('','',#29,#1619);
ENDSEC;
END-ISO-10303-21;
